proceso_de_compra,nit_entidad,documento_proveedor,valor_del_contrato,categoria_unspsc,mediana_categoria,desviacion_precio
PROC-2026-001,NIT-1001,PROV-9001,120000000,UNSPSC-7210,200000000,-0.4
PROC-2026-002,NIT-1001,PROV-9001,450000000,UNSPSC-7210,200000000,1.25
PROC-2026-003,NIT-1001,PROV-9002,85000000,UNSPSC-4321,30000000,1.8333
PROC-2026-004,NIT-1002,PROV-9003,25000000,UNSPSC-4321,30000000,-0.1667
PROC-2026-005,NIT-1002,PROV-9001,200000000,UNSPSC-7210,200000000,0.0
PROC-2026-006,NIT-1003,PROV-9003,30000000,UNSPSC-4321,30000000,0.0
PROC-2026-007,NIT-1003,PROV-9004,15000000,UNSPSC-8010,15000000,0.0
PROC-2026-008,NIT-1001,PROV-9001,180000000,UNSPSC-7210,200000000,-0.1
PROC-2026-011,NIT-1004,PROV-9005,50000000,UNSPSC-7810,50000000,0.0
PROC-2026-012,NIT-1004,PROV-9003,28000000,UNSPSC-4321,30000000,-0.0667
PROC-2026-013,NIT-1005,PROV-9003,32000000,UNSPSC-4321,30000000,0.0667
PROC-2026-014,NIT-1005,PROV-9006,300000000,UNSPSC-7210,200000000,0.5
