"Entidad","Nit Entidad","Departamento Entidad","Ciudad Entidad","OrdenEntidad","Entidad Centralizada","ID del Proceso","Referencia del Proceso","PCI","ID del Portafolio","Nombre del Procedimiento","Descripción del Procedimiento","Fase","Fecha de Publicacion del Proceso","Fecha de Ultima Publicación","Fecha de Publicacion (Fase Planeacion Precalificacion)","Fecha de Publicacion (Fase Seleccion Precalificacion)","Fecha de Publicacion (Manifestacion de Interes)","Fecha de Publicacion (Fase Borrador)","Fecha de Publicacion (Fase Seleccion)","Precio Base","Modalidad de Contratacion","Justificación Modalidad de Contratación","Duracion","Unidad de Duracion","Fecha de Recepcion de Respuestas","Fecha de Apertura de Respuesta","Fecha de Apertura Efectiva","Ciudad de la Unidad de Contratación","Nombre de la Unidad de Contratación","Proveedores Invitados","Proveedores con Invitacion Directa","Visualizaciones del Procedimiento","Proveedores que Manifestaron Interes","Respuestas al Procedimiento","Respuestas Externas","Conteo de Respuestas a Ofertas","Proveedores Unicos con Respuestas","Numero de Lotes","Estado del Procedimiento","ID Estado del Procedimiento","Adjudicado","ID Adjudicacion","CodigoProveedor","Departamento Proveedor","Ciudad Proveedor","Fecha Adjudicacion","Valor Total Adjudicacion","Nombre del Adjudicador","Nombre del Proveedor Adjudicado","NIT del Proveedor Adjudicado","Codigo Principal de Categoria","Estado de Apertura del Proceso","Tipo de Contrato","Subtipo de Contrato","Categorias Adicionales","URLProceso","Codigo Entidad","Estado Resumen"
"DEPARTAMENTO ADMINISTRATIVO NACIONAL DE ESTADISTICA (DANE)","899999027","Distrito Capital de Bogotá","Bogotá","Nacional","Centralizada","CO1.REQ.2577563","EDP-545-2022","700474109","CO1.BDOS.2503732","TS_MERCADO_2022_GEIH_TH Prestación de servicios profesionales para procesar la información de la GEIH para el análisis de resultados y generación de nuevos indicadores de migración laboral y series de","TS_MERCADO_2022_GEIH_TH Prestación de servicios profesionales para procesar la información de la GEIH para el análisis de resultados y generación de nuevos indicadores de migración laboral y series de mercado laboral desestacionalizadas.","Presentación de oferta","01/18/2022","01/18/2022",,,,,"01/18/2022","$57.333.333","Contratación directa","Servicios profesionales y apoyo a la gestión","344","día(s)",,,,"Bogotá","SECRETARIA GENERAL - DANE CENTRAL","0","0","0","0","0","0","0","0","0","Seleccionado","70","No","No Adjudicado","No Definido","No Definido","No Definido",,"$0","No Adjudicado","No Definido","No Definido","V1.80111500","Abierto","Prestación de servicios","No Definido","No definido","https://community.secop.gov.co/Public/Tendering/OpportunityDetail/Index?noticeUID=CO1.NTC.2597221","700.474.109","Presentación de oferta"
"DISTRITO ESPECIAL INDUSTRIAL Y PORTUARIO DE BARRANQUILLA","890102018","Atlántico","Barranquilla","Territorial","Centralizada","CO1.REQ.2085169","CD-55-2021-3516","702442096","CO1.BDOS.2027130","PRESTACIÓN DE SERVICIOS DE APOYO A LA GESTIÓN A LA SECRETARÍA DISTRITAL DE DESARROLLO ECONÓMICO PARA EL DESARROLLO DE ESTRATEGIAS DE PROMOCION; ATRACCIÓN DE  INVERSIONES PRIVADAS (NACIONAL Y EXTRANJER","PRESTACIÓN DE SERVICIOS DE APOYO A LA GESTIÓN A LA SECRETARÍA DISTRITAL DE DESARROLLO ECONÓMICO PARA EL DESARROLLO DE ESTRATEGIAS DE PROMOCION, ATRACCIÓN DE  INVERSIONES PRIVADAS (NACIONAL Y EXTRANJERA) Y POSICIONAMIENTO DEL DISTRITO DE BARRANQUILLA COMO DESTINO IDÓNEO DE TRANSFORMACIÓN INTEGRAL.","Presentación de oferta","06/11/2021","06/11/2021",,,,,"06/11/2021","$2.917.200.000","Contratación directa","Servicios profesionales y apoyo a la gestión","0","día(s)",,,,"No Aplica","Contratación Directa","0","0","0","0","0","0","0","0","0","Seleccionado","70","No","No Adjudicado","No Definido","No Definido","No Definido",,"$0","No Adjudicado","No Definido","No Definido","V1.80111600","Abierto","Prestación de servicios","No Definido","No definido","https://community.secop.gov.co/Public/Tendering/OpportunityDetail/Index?noticeUID=CO1.NTC.2028877","702.442.096","Presentación de oferta"
"COLEGIO GABRIEL BETANCOURT MEJIA I.E.D","900143276","Distrito Capital de Bogotá","No Definido","Territorial","Centralizada","CO1.REQ.7128715","RE-CGBM-049-2024","703916536","CO1.BDOS.6995772","SUMINISTRO ELECTROBOMBAS","COMPRA ELECTROBOMBAS DE SUPERFICIE CENTRIFUGA MODELO PEARL C2P 55H36S , CON POTENCIA  DE 5,5 HP, 220/440V Y TRIFASICAS SEDE A COLEGIO GABRIEL BETANCOURT MEJIA IED","Presentación de oferta","11/06/2024","11/06/2024",,,,,"11/06/2024","$5.500.000","Contratación régimen especial (con ofertas)","Regla aplicable","5","día(s)","11/12/2024","11/13/2024",,"Bogotá","PAGADURIA","0","0","9","0","0","0","0","0","0","Evaluación","60","No","No Adjudicado","No Definido","No Definido","No Definido",,"$0","No Adjudicado","No Definido","No Definido","V1.40151500","Cerrado","Otro","No Definido","No definido","https://community.secop.gov.co/Public/Tendering/OpportunityDetail/Index?noticeUID=CO1.NTC.7008964","703.916.536","Presentación de oferta"
"INVIAS","800215807","Distrito Capital de Bogotá","Bogotá","Nacional","Centralizada","CO1.REQ.9845111","CD-CPS-0720-2026","700676059","CO1.BDOS.9677536","CONTRATO DE PRESTACION DE SERVICIOS PROFESIONALES","PRESTAR SERVICIOS PROFESIONALES PARA ACOMPAÑAR LA GESTIÓN CONTABLE Y FINANCIERA DE LOS PROGRAMAS, CONTRATOS Y/O CONVENIOS DEL INVIAS EN LA SUBDIRECCIÓN DE VÍAS REGIONALES EN EL MARCO DEL PROGRAMA CAMINOS COMUNITARIOS DE LA PAZ TOTAL","Presentación de oferta","01/22/2026","01/22/2026",,,,,"01/22/2026","$48.620.250","Contratación directa","Servicios profesionales y apoyo a la gestión","210","día(s)",,,,"Bogotá","Subdirección de Vías Regionales","0","0","0","0","0","0","0","0","0","Seleccionado","70","No","No Adjudicado","No Definido","No Definido","No Definido",,"$0","No Adjudicado","No Definido","No Definido","V1.80111701","Abierto","Prestación de servicios","No Definido","No definido","https://community.secop.gov.co/Public/Tendering/OpportunityDetail/Index?noticeUID=CO1.NTC.9690232","700.676.059","Presentación de oferta"
"MUNICIPIO DE SAN MIGUEL PUTUMAYO","800252922","Putumayo","San Miguel","Territorial","Descentralizada","CO1.REQ.8273274","PS-147-2025","712452853","CO1.BDOS.8128286","PRESTACION DE SERVICIOS PROFESIONALES PARA LA EJECUCION; GESTION Y SEGUIMIENTO DE PROGRAMAS Y PROYECTOS ENFOCADOS EN LA ATENCION DE LA POBLACION CON DISCAPACIDAD DEL MUNCIPIO DE SAN MIGUEL PUTUMAYO","PRESTACION DE SERVICIOS PROFESIONALES PARA LA EJECUCION, GESTION Y SEGUIMIENTO DE PROGRAMAS Y PROYECTOS ENFOCADOS EN LA ATENCION DE LA POBLACION CON DISCAPACIDAD DEL MUNCIPIO DE SAN MIGUEL PUTUMAYO","Presentación de oferta","05/16/2025","05/16/2025",,,,,"05/16/2025","$10.000.000","Contratación directa","Servicios profesionales y apoyo a la gestión","104","día(s)",,,,"No Aplica","ALCALDÍA SAN MIGUEL","0","0","0","0","0","0","0","0","0","Seleccionado","70","No","No Adjudicado","No Definido","No Definido","No Definido",,"$0","No Adjudicado","No Definido","No Definido","V1.80111701","Abierto","Prestación de servicios","No Definido","No definido","https://community.secop.gov.co/Public/Tendering/OpportunityDetail/Index?noticeUID=CO1.NTC.8148159","712.452.853","Presentación de oferta"
"MUNICIPIO DE PIEDECUESTA","890205383","Santander","Piedecuesta","Territorial","Centralizada","CO1.REQ.4098730","SINF-CPS-050-23","702166190","CO1.BDOS.4003113","BISMARCK ANDRES RODRIGUEZ FORERO","PRESTAR SERVICIOS PROFESIONALES COMO INGENIERO CIVIL ESPECIALIZADO PARA APOYAR LA FORMULACIÓN, DISEÑO Y SEGUIMIENTO A LOS PROYECTOS DE LA SECRETARIA DE INFRAESTRUCTURA, EN EL MARCO DEL PROYECTO DENOMINADO FORTALECIMIENTO DE LOS PROCESOS ADMINISTRATIVOS Y ACTIVIDADES DE GESTIÓN DE LA SECRETARIA DE INFRAESTRUCTURA DEL MUNICIPIO DE PIEDECUESTA.","Presentación de oferta","02/14/2023","02/14/2023",,,,,"02/14/2023","$12.000.000","Contratación directa","Servicios profesionales y apoyo a la gestión","3","Mes(es)",,,,"Piedecuesta","Unidad de Contratación Secretaria de Infraestructura","0","0","0","0","0","0","0","0","0","Seleccionado","70","No","No Adjudicado","No Definido","No Definido","No Definido",,"$0","No Adjudicado","No Definido","No Definido","V1.80111701","Abierto","Prestación de servicios","No Definido","No definido","https://community.secop.gov.co/Public/Tendering/OpportunityDetail/Index?noticeUID=CO1.NTC.4004222","702.166.190","Presentación de oferta"
"LA CORPORACION COLOMBIANA DE INVESTIGACION AGROPECUARIA - AGROSAVIA","800194600","Cundinamarca","Mosquera","Nacional","Centralizada","CO1.REQ.6622657","135116","718046428","CO1.BDOS.6496979","CATALOGO DE EPPS CI  OBONUCO - EXPERIENCIAS JM","No definido","Presentación de oferta","08/06/2024","08/06/2024",,,,,"08/06/2024","$0","Contratación régimen especial","Regla aplicable","6","Mes(es)",,,,"Pasto","ADQUISICIONES OBONUCO","0","0","0","0","0","0","0","0","0","Publicado","50","No","No Adjudicado","No Definido","No Definido","No Definido",,"$0","No Adjudicado","No Definido","No Definido","V1.46181500","Abierto","Suministros","No Definido","No definido","https://community.secop.gov.co/Public/Tendering/OpportunityDetail/Index?noticeUID=CO1.NTC.6507167","718.046.428","Presentación de oferta"
"EMPRESA SOCIAL DEL ESTADO BELLOSALUD","800174995","Antioquia","Bello","Territorial","Centralizada","CO1.REQ.9182530","OC10-2494-2025 DAVILA PROYECCION","705410264","CO1.BDOS.9018383","MANTENIMIENTO HOSPITALARIO","MANTENIMIENTO HOSPITALARIO","Presentación de oferta","10/31/2025","10/31/2025",,,,,"10/31/2025","$4.260.200","Contratación régimen especial","Regla aplicable","30","día(s)",,,,"Bello","UC ESE BELLOSALUD","0","0","0","0","0","0","0","0","0","Publicado","50","No","No Adjudicado","No Definido","No Definido","No Definido",,"$0","No Adjudicado","No Definido","No Definido","V1.72102900","Abierto","Suministros","No Definido","No definido","https://community.secop.gov.co/Public/Tendering/OpportunityDetail/Index?noticeUID=CO1.NTC.9042868","705.410.264","Presentación de oferta"
"(Secretaría Distrital de Integración Social)","8999990619","Distrito Capital de Bogotá","No Definido","Territorial","Centralizada","CO1.REQ.5610848","SDIS-CPS-302405-2024","702271321","CO1.BDOS.5493980","CONTRATO DE PRESTACIÓN DE SERVICIOS PROFESIONALES","PRESTAR SERVICIOS PROFESIONALES A LA SUBDIRECCION DE CONTRATACION, EN 
LOS DIFERENTES TRAMITES CONTRACTUALES QUE LE SEAN ASIGNADOS.","Presentación de oferta","01/25/2024","01/25/2024",,,,,"01/24/2024","$53.579.880","Contratación directa","Servicios profesionales y apoyo a la gestión","9","Mes(es)",,,,"Bogotá","SUBDIRECCION DE CONTRATACION","0","0","0","0","0","0","0","0","0","Seleccionado","70","No","No Adjudicado","No Definido","No Definido","No Definido",,"$0","No Adjudicado","No Definido","No Definido","V1.80111500","Abierto","Prestación de servicios","No Definido","No definido","https://community.secop.gov.co/Public/Tendering/OpportunityDetail/Index?noticeUID=CO1.NTC.5507297","702.271.321","Presentación de oferta"
"ESAP TERRITORIAL BOYACA CASANARE","800117524","Boyacá","Tunja","Nacional","Descentralizada","CO1.REQ.1780926","009-2021","704405216","CO1.BDOS.1730570","HELDA YANNETH BERNAL RINCON","CONTRATO PRESTACIÓN SERVICIOS PROFESIONALES COORDINADOR CETAP SOGAMOSO","Fase de ofertas","02/02/2021","02/02/2021",,,,,"02/02/2021","$9.108.000","Contratación directa","Servicios profesionales y apoyo a la gestión","4","Mes(es)",,,,"Tunja","TERRITORIAL ESAP BOYACA CASANARE","0","0","0","0","0","0","0","0","0","Seleccionado","70","No","No Adjudicado","No Definido","No Definido","No Definido",,"$0","No Adjudicado","No Definido","No Definido","V1.80111600","Abierto","Prestación de servicios","No Definido","No definido","https://community.secop.gov.co/Public/Tendering/OpportunityDetail/Index?noticeUID=CO1.NTC.1727245","704.405.216","Fase de ofertas"
"ALCALDIA LOCAL DE SUMAPAZ","899999061","Distrito Capital de Bogotá","Bogotá","Territorial","Centralizada","CO1.REQ.848621","FDLS-LP-098-2019","702096124","CO1.BDOS.823726","CONSERVACION PUENTES","REALIZAR POR EL SISTEMA DE PRECIOS UNITARIOS FIJOS SIN FORMULA DE REAJUSTE: LA CONSERVACIÓN DE PUENTES SOBRE CORRIENTES DE AGUA EN LA LOCALIDAD DE SUMAPAZ","Presentación de observaciones","04/29/2019","04/29/2019",,,,"04/29/2019",,"$600.000.000","Licitación pública Obra Publica","No Defenido","5","Mes(es)","05/31/2019","05/31/2019","06/18/2019","Bogotá","AREA DE CONTRATACION","0","0","122","0","0","0","0","0","0","Evaluación","60","No","No Adjudicado","No Definido","No Definido","No Definido",,"$0","No Adjudicado","No Definido","No Definido","V1.81101500","Cerrado","Obra","No Definido","V172101500, V172103300, V172141000, V195111600","https://community.secop.gov.co/Public/Tendering/OpportunityDetail/Index?noticeUID=CO1.NTC.814841","702.096.124","Presentación de observaciones"
"FONDO NACIONAL DE VIVIENDA","830121208","No Definido","No Definido","Nacional","Centralizada","CO1.REQ.1892979","FNV-001-2021","700740038","CO1.BDOS.1840301","CONTRATO INTERADMINISTRATIVO","Realizar la publicación en el diario oficial de los actos administrativos y demás documentos expedidos por el Fondo Nacional de Vivienda FONVIVIENDA-, que deban ser publicados en dicho medio.","Presentación de oferta","03/11/2021","03/11/2021",,,,,"03/11/2021","$448.000.000","Contratación directa","Contratos o convenios Interadministrativos (valor cero)","10","Mes(es)",,,,"Bogotá","FONDO NACIONAL DE VIVIENDA","0","0","0","0","0","0","0","0","0","Seleccionado","70","No","No Adjudicado","No Definido","No Definido","No Definido",,"$0","No Adjudicado","No Definido","No Definido","V1.93151611","Abierto","Otro","No Definido","V155101519","https://community.secop.gov.co/Public/Tendering/OpportunityDetail/Index?noticeUID=CO1.NTC.1837392","700.740.038","Presentación de oferta"
"INVIAS","800215807","Distrito Capital de Bogotá","Bogotá","Nacional","Centralizada","CO1.REQ.976985","LP-DT-CAU-003-2019_3 (Fase de Selección (Presentación de ofertas))","700676059","CO1.BDOS.927424","MANTENIMIENTO RUTINARIO; DE VIAS A CARGO DEL INSTITUTO NACIONAL DE VIAS; DIRECCIÓN TERRITORIAL CAUCA PROCESO DE LICITACION PÚBLICA (PRODUCTO VIA PRIMARIA MANTENIDA) (Fase de Selección (Presentación de","MANTENIMIENTO RUTINARIO, DE VIAS A CARGO DEL INSTITUTO NACIONAL DE VIAS, DIRECCIÓN TERRITORIAL CAUCA PROCESO DE LICITACION PÚBLICA (PRODUCTO VIA PRIMARIA MANTENIDA)","Fase de Selección (Presentación de ofertas)","09/30/2019","09/30/2019",,,,,"09/30/2019","$53.520.784.298","Licitación pública Obra Publica","No Defenido","33","Mes(es)","10/11/2019","11/26/2019","11/26/2019","Cali","Dirección Territorial Cauca","0","0","107","0","51","0","0","51","38","Seleccionado","70","Si","CO1.AWD.616637","704527936","Cauca","Bolívar","07/08/2022","$1.217.527.123","JORGE ALONSO ORTEGA ROJAS","COOPERATIVA DE TRABAJO ASOCIADO SIGLO XXI","817002635","V1.72141000","Cerrado","Obra","No Definido","No definido","https://community.secop.gov.co/Public/Tendering/OpportunityDetail/Index?noticeUID=CO1.NTC.943665","700.676.059","Adjudicado"
"ALCALDIA DE FLORIDABLANCA","890205176","Santander","Floridablanca","Territorial","Centralizada","CO1.REQ.9500237","FLO-INFRA-SA-MC-007-2025 (Manifestación de interés (Menor Cuantía)) (Presentación de oferta)","704323831","CO1.BDOS.9282110","ADECUACION Y MANTENIMIENTO DE ALGUNAS INSTALACIONES DEL PALACIO MUNICIPAL DEL MUNICIPIO DE FLORIDABLANCA; SANTANDER (Manifestación de interés (Menor Cuantía)) (Presentación de oferta)","ADECUACION Y MANTENIMIENTO DE ALGUNAS INSTALACIONES DEL PALACIO MUNICIPAL DEL MUNICIPIO DE FLORIDABLANCA, SANTANDER","Presentación de oferta","12/30/2025","12/30/2025",,,,,"12/30/2025","$305.813.941","Selección Abreviada de Menor Cuantía","Presupuesto menor al 10% de la Menor Cuantía","2","Mes(es)","12/31/2025","12/31/2025","01/06/2026","Floridablanca","ALCALDÍA DE FLORIDABLANCA","10","10","104","0","3","0","0","3","0","Seleccionado","70","Si","CO1.AWD.2488428","716178215","Santander","Bucaramanga","01/27/2026","$305.644.297","YUDY GONZALEZ BARBOSA","CONSTRUOBRAS ISAVAL S.A.S","No Definido","UNSPECIFIED","Cerrado","Obra","No Definido","No definido","https://community.secop.gov.co/Public/Tendering/OpportunityDetail/Index?noticeUID=CO1.NTC.9352056","704.323.831","Adjudicado"
"INSTITUTO DE DEPORTES Y RECREACION DE MEDELLIN","800194096","Antioquia","Medellín","Territorial","Centralizada","CO1.REQ.4389286","SA-004-2023","700774011","CO1.BDOS.4289726","SUMINISTRO DE EQUIPOS; HERRAMIENTAS Y ELEMENTOS PARA EL MANTENIMIENTO; OPERACIÓN Y SEGURIDAD DE LAS PISCINAS Y ESTRUCTURAS SIMILARES ADMINISTRADAS POR EL INDER MEDELLÍN","SUMINISTRO DE EQUIPOS, HERRAMIENTAS Y ELEMENTOS PARA EL MANTENIMIENTO, OPERACIÓN Y SEGURIDAD DE LAS PISCINAS Y ESTRUCTURAS SIMILARES ADMINISTRADAS POR EL INDER MEDELLÍN","Presentación de observaciones","04/13/2023","04/13/2023",,,,"04/13/2023",,"$270.101.513","Selección abreviada subasta inversa","Suministro de bienes y servicios de características técnicas uniformes y común utilización","0","día(s)","05/16/2023","05/16/2023","05/30/2023","Medellín","SUBDIRECCION DE ESCENARIOS DEPORTIVOS","0","0","22","0","0","0","0","0","0","Evaluación","60","No","No Adjudicado","No Definido","No Definido","No Definido",,"$0","No Adjudicado","No Definido","No Definido","V1.42192600","Cerrado","Suministros","No Definido","No definido","https://community.secop.gov.co/Public/Tendering/OpportunityDetail/Index?noticeUID=CO1.NTC.4293527","700.774.011","Presentación de observaciones"
"GOBERNACION DEL CHOCÓ.","891680010","No Definido","No Definido","Territorial","Descentralizada","CO1.REQ.6085225","CD-PS-GDCH-186SS-2024","710188293","CO1.BDOS.5966426","PRESTACION DE SERVICIOS","PRESTACIÓN DE SERVICIOS PROFESIONALES DE UN
(A) NUTRICIONISTA, QUE SIRVA DE APOYO A LA 
DIMENSION DE SEGURIDAD ALIMENTARIA Y 
NUTRICIONAL DE LA SECRETARIA DE SALUD 
DEPARTAMENTAL DEL CHOCO","Presentación de oferta","04/12/2024","04/12/2024",,,,,"04/12/2024","$24.000.000","Contratación directa","Servicios profesionales y apoyo a la gestión","8","Mes(es)",,,,"No Aplica","GOBERNACION- SALUD 2022","0","0","0","0","0","0","0","0","0","Seleccionado","70","No","No Adjudicado","No Definido","No Definido","No Definido",,"$0","No Adjudicado","No Definido","No Definido","V1.80111600","Abierto","Prestación de servicios","No Definido","No definido","https://community.secop.gov.co/Public/Tendering/OpportunityDetail/Index?noticeUID=CO1.NTC.5973718","710.188.293","Presentación de oferta"
"ALCALDIA DE GIRARDOTA","890980807","Antioquia","Girardota","Territorial","Centralizada","CO1.REQ.4114873","5308/SASP01/2023","704694173","CO1.BDOS.4019340","ENAJENACIÓN DIRECTA DE UNA RETROEXCAVADORA; PROPIEDAD DEL MUNICIPIO DE GIRARDOTA","ENAJENACIÓN DIRECTA DE UNA RETROEXCAVADORA, PROPIEDAD DEL MUNICIPIO DE GIRARDOTA","Presentación de observaciones","02/17/2023","02/17/2023",,,,"02/17/2023",,"$86.000.000","Enajenación de bienes con subasta","Artículo 99 del Decreto 1510 de 2013","90","día(s)","03/09/2023","03/22/2023","03/22/2023","Girardota","CONTRATACIÓN GIRARDOTA","0","0","13","0","0","0","0","0","0","Evaluación","60","No","No Adjudicado","No Definido","No Definido","No Definido",,"$0","No Adjudicado","No Definido","No Definido","V1.22101509","Cerrado","Venta muebles","No Definido","No definido","https://community.secop.gov.co/Public/Tendering/OpportunityDetail/Index?noticeUID=CO1.NTC.4031626","704.694.173","Presentación de observaciones"
"COMPRADOR ESE CARMEN EMILIA OSPINA PERFIL","8130052657","Huila","Neiva","Territorial","Centralizada","CO1.REQ.7180132","0511-2024","718026529","CO1.BDOS.7045385","CONTRATAR EL SUMINISTRO DE INSUMOS PARA EL LABORATORIO CLINICO","No definido","Presentación de oferta","11/15/2024","11/15/2024",,,,,"11/15/2024","$320.000.000","Contratación régimen especial","Regla aplicable","45","día(s)",,,,"Neiva","OFICINA DE CONTRATACION","0","0","0","0","0","0","0","0","0","Seleccionado","70","No","No Adjudicado","No Definido","No Definido","No Definido",,"$0","No Adjudicado","No Definido","No Definido","V1.85101500","Abierto","Suministros","No Definido","No definido","https://community.secop.gov.co/Public/Tendering/OpportunityDetail/Index?noticeUID=CO1.NTC.7058869","718.026.529","Presentación de oferta"
"CXAYUCE JXUT ESE","900052148","Cauca","Toribio","Nacional","Centralizada","CO1.REQ.7095796","CSS-297-2024 - JORGE CONSUEGRA OTERO","711844142","CO1.BDOS.6963834","Prestar los servicios Profesionales para realizar actividades de toma de ecografías obstétricas; ecografías transvaginales; ginecológicas; consultas especializadas en CXAYUCE JXUT E.S.E","Prestar los servicios Profesionales para realizar actividades de toma de ecografías obstétricas, ecografías transvaginales, ginecológicas, consultas especializadas en CXAYUCE JXUT E.S.E","Presentación de oferta","10/30/2024","10/30/2024",,,,,"10/30/2024","$21.280.000","Contratación régimen especial","Decreto 092 de 2017","71","día(s)",,,,"Toribio","UNIDAD PAA CXAYU´CE JXUT E.S.E.","0","0","0","0","0","0","0","0","0","Publicado","50","No","No Adjudicado","No Definido","No Definido","No Definido",,"$0","No Adjudicado","No Definido","No Definido","V1.85121601","Abierto","Decreto 092 de 2017","No Definido","No definido","https://community.secop.gov.co/Public/Tendering/OpportunityDetail/Index?noticeUID=CO1.NTC.6975306","711.844.142","Presentación de oferta"
"INSTITUCION EDUCATIVA LAS COLINAS","900231975","No Definido","No Definido","Territorial","Centralizada","CO1.REQ.10651936","CONTRATO PRESTACIÓN DE SERVICIOS No 009","705329043","CO1.BDOS.10469193","SANDRA MILENA PERNAGORDA VALENCIA","Prestación de servicios profesionales para la contratación de un contador público, teniendo en cuenta que la Institución Educativa no cuenta con este perfil profesional para brindar acompañamiento y asesoría a los diferentes procesos contables, Presupuestales, y Financieros e informes que maneja la Institución Educativa Las Colinas como lo son: a la Secretaria de Educación Municipal, y a los diferentes entes de control durante los meses de Julio 10 al 02 de Diciembre 2026.","Presentación de oferta","07/14/2026","07/14/2026",,,,,"07/14/2026","$5.400.000","Contratación régimen especial","Regla aplicable","142","día(s)",,,,"Armenia","RECTORIA","0","0","0","0","0","0","0","0","0","Publicado","50","No","No Adjudicado","No Definido","No Definido","No Definido",,"$0","No Adjudicado","No Definido","No Definido","V1.84111500","Abierto","Prestación de servicios","No Definido","No definido","https://community.secop.gov.co/Public/Tendering/OpportunityDetail/Index?noticeUID=CO1.NTC.10505980","705.329.043","Presentación de oferta"
"ALCALDIA  MUNICIPIO DE IBAGUE*","800113389","Tolima","Ibagué","Territorial","Centralizada","CO1.REQ.600806","AI-CD-PSN-0640-2018","700787393","CO1.BDOS.580394","AI-CD-PSN-0640-2018","PRESTACION DE SERVICIOS DE APOYO COMO VIGIA  DE TRANSITO  EN LA PREVENCION, REGULACION Y MEJORAMIENTO DE LA MOVILIDAD  Y LA SEGURIDAD VIAL  A CARGO DE LA STTM DEL MUNICIPIO DE IBAGUE","Presentación de oferta","10/31/2018","10/31/2018",,,,,"10/31/2018","$2.200.000","Contratación directa","Servicios profesionales y apoyo a la gestión","2","Mes(es)",,,,"Ibagué","DIRECCIÓN DE CONTRATACIÓN VIGENCIA 2016-2019","0","0","0","0","0","0","0","0","0","Seleccionado","70","No","No Adjudicado","No Definido","No Definido","No Definido",,"$0","No Adjudicado","No Definido","No Definido","V1.80111701","Abierto","Prestación de servicios","No Definido","No definido","https://community.secop.gov.co/Public/Tendering/OpportunityDetail/Index?noticeUID=CO1.NTC.581203","700.787.393","Presentación de oferta"
"DIRECCION DE IMPUESTOS Y ADUANAS NACIONALES*","800197268","Distrito Capital de Bogotá","Bogotá","Nacional","Centralizada","CO1.REQ.581658","BID-3155-OC-CO-SC-043-2018","700795065","CO1.BDOS.559609","Contratar la prestación del servicio de diseño; producción; desarrollo y difusión de estrategias de comunicación externas e internas","Contratar la prestación del servicio de diseño, producción, desarrollo y difusión de estrategias de comunicación externas e internas que incluyan: planes de medios, piezas de comunicación, y actividades de divulgación necesarias para la masificación del nuevo modelo de factura electrónica","Presentación de oferta","10/09/2018","10/09/2018",,,,,"10/09/2018","$650.000.000","Contratación régimen especial","Regla aplicable","70","día(s)",,,,"Bogotá","13-10-00-101-Sub de Gestión Fiscalización Tributaria","0","0","0","0","0","0","0","0","0","Seleccionado","70","No","No Adjudicado","No Definido","No Definido","No Definido",,"$0","No Adjudicado","No Definido","No Definido","V1.82101800","Abierto","Prestación de servicios","No Definido","No definido","https://community.secop.gov.co/Public/Tendering/OpportunityDetail/Index?noticeUID=CO1.NTC.560442","700.795.065","Presentación de oferta"
"ALCALDÍA MUNICIPAL DE CANDELARIA VALLE","891380038","Valle del Cauca","Candelaria","Territorial","Centralizada","CO1.REQ.8830432","MDC-ST-CD-178-2025","701400236","CO1.BDOS.8673425","PRESTACIÓN DE SERVICIOS DE APOYO A LA GESTIÓN PARA FORTALECER BUENAS CONDUCTAS Y COMPORTAMIENTOS SEGUROS EN LAS VÍAS; EN EL MARCO DEL PROYECTO TRANSFORMACIÓN DE LA MOVILIDAD CON SEGURIDAD VIAL; TRANSP","PRESTACIÓN DE SERVICIOS DE APOYO A LA GESTIÓN PARA FORTALECER BUENAS CONDUCTAS Y COMPORTAMIENTOS SEGUROS EN LAS VÍAS, EN EL MARCO DEL PROYECTO TRANSFORMACIÓN DE LA MOVILIDAD CON SEGURIDAD VIAL, TRANSPORTE EFICIENTE Y DESARROLLO SOSTENIBLE EN EL MUNICIPIO DE CANDELARIA CON BPIN (2024761300034).","Presentación de oferta","09/02/2025","09/02/2025",,,,,"09/02/2025","$10.500.000","Contratación directa","Servicios profesionales y apoyo a la gestión","0","día(s)",,,,"Candelaria","SECRETARIA DE TRANSITO Y TRANSPORTE","0","0","0","0","0","0","0","0","0","Seleccionado","70","No","No Adjudicado","No Definido","No Definido","No Definido",,"$0","No Adjudicado","No Definido","No Definido","V1.80111600","Abierto","Prestación de servicios","No Definido","No definido","https://community.secop.gov.co/Public/Tendering/OpportunityDetail/Index?noticeUID=CO1.NTC.8708287","701.400.236","Presentación de oferta"
"UNIDAD DE SERVICIOS PENITENCIARIOS Y CARCELARIOS - USPEC1","900523392","Distrito Capital de Bogotá","Bogotá","Nacional","Descentralizada","CO1.REQ.8859418","USPEC-CTO-258-2025","700675051","CO1.BDOS.8701429","PRESTAR LOS SERVICIOS PROFESIONALES A LA UNIDAD DE SERVICIOS PENITENCIARIOS Y CARCELARIOS USPEC; PARA REALIZAR LA GESTION DE LOS PLANES; PROGRAMAS Y PROYECTOS A CARGO DE LA DIRECCION DE INFRAESTRUCT","PRESTAR LOS
SERVICIOS PROFESIONALES A LA UNIDAD DE SERVICIOS PENITENCIARIOS Y CARCELARIOS USPEC,
PARA REALIZAR LA GESTION DE LOS PLANES, PROGRAMAS Y PROYECTOS A CARGO DE LA DIRECCION
DE INFRAESTRUCTURA","Presentación de oferta","09/05/2025","09/05/2025",,,,,"09/05/2025","$38.666.667","Contratación directa","Servicios profesionales y apoyo a la gestión","3","Mes(es)",,,,"Bogotá","Unidad de Contratacion Direccion General","0","0","0","0","0","0","0","0","0","Seleccionado","70","No","No Adjudicado","No Definido","No Definido","No Definido",,"$0","No Adjudicado","No Definido","No Definido","V1.80161500","Abierto","Prestación de servicios","No Definido","No definido","https://community.secop.gov.co/Public/Tendering/OpportunityDetail/Index?noticeUID=CO1.NTC.8729011","700.675.051","Presentación de oferta"
"PARQUES NACIONALES NATURALES DE COLOMBIA - DIRECCION TERRITORIAL ANDES NORORIENTALES","804001738","Santander","Bucaramanga","Territorial","Centralizada","CO1.REQ.1134462","DTAN-CD-089-2020","701236044","CO1.BDOS.1098247","Prestación de servicios profesionales y de apoyo a la gestión en los procesos de relacionamiento con comunidades locales y actores institucionales en el marco de las diferentes estrategias de manejo d","Prestación de servicios profesionales y de apoyo a la gestión en los procesos de relacionamiento con comunidades locales y actores institucionales en el marco de las diferentes estrategias de manejo del Parque Nacional Natural Serranía de los Yariguíes.","Fase de ofertas","02/07/2020","02/07/2020",,,,,"02/07/2020","$40.062.090","Contratación directa","Servicios profesionales y apoyo a la gestión","312","día(s)",,,,"No Aplica","PNN YARIGUIES","0","0","0","0","0","0","0","0","0","Seleccionado","70","No","No Adjudicado","No Definido","No Definido","No Definido",,"$0","No Adjudicado","No Definido","No Definido","V1.77101604","Abierto","Prestación de servicios","No Definido","No definido","https://community.secop.gov.co/Public/Tendering/OpportunityDetail/Index?noticeUID=CO1.NTC.1095805","701.236.044","Fase de ofertas"
"ENTIDAD DE GESTION ADMINISTRATIVA Y TECNICA","901036590","Distrito Capital de Bogotá","No Definido","Territorial","Centralizada","CO1.REQ.2996306","ISI-001-2022 (Presentación de oferta)","703470195","CO1.BDOS.2899315","DOTACIÓN CAPS CANDELARIA (Presentación de oferta)","NEGOCIACIÓN Y ADQUISICIÓN DE EQUIPOS BIOMÉDICOS, MOBILIARIO Y DEMÁS ELEMENTOS NECESARIOS PARA LA DOTACIÓN DEL CAPS CANDELARIA LA NUEVA DE LA SUBRED INTEGRADA DE SERVICIOS DE SALUD SUR E.S.E.","Presentación de oferta","04/29/2022","04/29/2022",,,,,"04/29/2022","$3.403.373.221","Selección abreviada subasta inversa","Suministro de bienes y servicios de características técnicas uniformes y común utilización","4","Mes(es)","05/20/2022","07/05/2022","07/05/2022","Bogotá","PROCESOS MISIONALES","0","0","125","0","39","0","4","35","65","Seleccionado","70","Si","CO1.AWD.1339946","701491151","Distrito Capital de Bogotá","No Definido",,"$29.695.974","ERICA KATHERINE GALLO HERNANDEZ","IMCARE SAS","900068959","V1.78131600","Cerrado","Compraventa","No Definido","V124102000, V125172600, V141103000, V141103900, V141112400, V142141800, V142142100, V142151600, V142151700, V142152000, V142152300, V142181600, V142181900, V142182000, V142182100, V142182600, V142182800, V142191700, V142191900, V142192100, V142192200, V142201700, V142201800, V142251600, V142251700, V142281500, V142281700, V143221700, V149201500, V156101500, V156101700, V156112100, V156121800","https://community.secop.gov.co/Public/Tendering/OpportunityDetail/Index?noticeUID=CO1.NTC.2922751","703.470.195","Presentación de oferta"
"Concejo Municipal de Bello","890980112","Antioquia","Bello","Territorial","Centralizada","CO1.REQ.4168905","012-2023","706106986","CO1.BDOS.4072189","PRESTACIÓN DE SERVICIOS DE APOYO A LA GESTIÓN","PRESTACIÓN DE SERVICIO DE APOYO A LA GESTIÓN EN EL PROCESO DE GESTIÓN DOCUMENTAL Y ARCHIVO EN EL CONCEJO MUNICIPAL DE BELLO","Presentación de oferta","02/24/2023","02/24/2023",,,,,"02/24/2023","$13.600.000","Contratación directa","Servicios profesionales y apoyo a la gestión","8","Mes(es)",,,,"Bello","CONTRATACIÓN Y COMPRAS","0","0","0","0","0","0","0","0","0","Seleccionado","70","No","No Adjudicado","No Definido","No Definido","No Definido",,"$0","No Adjudicado","No Definido","No Definido","V1.80111501","Abierto","Prestación de servicios","No Definido","No definido","https://community.secop.gov.co/Public/Tendering/OpportunityDetail/Index?noticeUID=CO1.NTC.4073276","706.106.986","Presentación de oferta"
"DANE - DIRECCION TERRITORIAL NORTE","899999027","Atlántico","No Definido","Nacional","Centralizada","CO1.REQ.6602379","EDP-DTN-044-2024-1-TN","702860123","CO1.BDOS.6477055","540410523 CE_2024_DRA_BDC Prestación de servicios de apoyo a la gestión técnica y administrativa en la etapa de barrido del Censo Económico Nacional Urbano.","540410523 CE_2024_DRA_BDC Prestación de servicios de apoyo a la gestión técnica y administrativa en la etapa de barrido del Censo Económico Nacional Urbano.","Presentación de oferta","08/01/2024","08/01/2024",,,,,"08/01/2024","$11.500.000","Contratación directa","Servicios profesionales y apoyo a la gestión","150","día(s)",,,,"No Aplica","DANE - DIRECCION TERRITORIAL NORTE","0","0","0","0","0","0","0","0","0","Seleccionado","70","No","No Adjudicado","No Definido","No Definido","No Definido",,"$0","No Adjudicado","No Definido","No Definido","V1.80111500","Abierto","Prestación de servicios","No Definido","No definido","https://community.secop.gov.co/Public/Tendering/OpportunityDetail/Index?noticeUID=CO1.NTC.6485882","702.860.123","Presentación de oferta"
"COLEGIO CIUDAD DE MONTREAL IED","830062537","No Definido","No Definido","Territorial","Centralizada","CO1.REQ.4015420","06022023","704193986","CO1.BDOS.3919439","ACTUALIZACION PROGRAMA  FINANCIERO 2023","ACTUALIZACIÓN PROGRAMA FINANCIERO FSE, DE TESORERÍA Y CONTABILIDAD 2023 CON SU RESPECTIVO ACOMPAÑAMIENTO DURANTE LA VIGENCIA 2023","Presentación de oferta","02/03/2023","02/03/2023",,,,,"02/03/2023","$820.000","Contratación régimen especial","Decreto 092 de 2017","5","día(s)",,,,"Bogotá","COLEGIO CIUDAD DE MONTREAL IED","0","0","0","0","0","0","0","0","0","Publicado","50","No","No Adjudicado","No Definido","No Definido","No Definido",,"$0","No Adjudicado","No Definido","No Definido","V1.43232110","Abierto","Decreto 092 de 2017","No Definido","No definido","https://community.secop.gov.co/Public/Tendering/OpportunityDetail/Index?noticeUID=CO1.NTC.3920724","704.193.986","Presentación de oferta"
"EMPRESA SOCIAL DEL ESTADO HOSPITAL SAN RAFAEL.*","890981536","Antioquia","Yolombó","Territorial","Centralizada","CO1.REQ.5742860","MCCC_01","704115484","CO1.BDOS.5625588","ARRENDAMIENTO VEHICULO","ARRENDAMIENTO POR DIAS VEHICULO DE PLACAS BXF481 PARA TRANSPORTE DE PERSONAS, INSUMOS Y ELEMENTOS REQUERIDOS EN EL DESARROLLO DE LAS ACTIVIDADES DE LA ENTIDAD, PREVIA PROGRAMACION DE LA ESE DURANTE EL MES DE ENERO","Presentación de oferta","02/10/2024","02/10/2024",,,,,"02/10/2024","$1.537.480","Contratación régimen especial","Regla aplicable","30","día(s)",,,,"Yolombó","UNIDAD DE CONTRATACION HOSPITAL YOLOMBÒ","0","0","0","0","0","0","0","0","0","Publicado","50","No","No Adjudicado","No Definido","No Definido","No Definido",,"$0","No Adjudicado","No Definido","No Definido","V1.78111808","Abierto","Arrendamiento de muebles","No Definido","No definido","https://community.secop.gov.co/Public/Tendering/OpportunityDetail/Index?noticeUID=CO1.NTC.5633560","704.115.484","Presentación de oferta"
"MUNICIPIO SANTA ROSA DE OSOS","890981554","Antioquia","Santa Rosa De Osos","Territorial","Centralizada","CO1.REQ.9890110","CPSA DOJ 081 2026","704959766","CO1.BDOS.9722234","APOYO EN LA EJECUCIÓN DE LAS DIFERENTES ACTIVIDADES PROGRAMADAS DESDE LA CASA DE JUVENTUD; EN LA ZONA URBANA Y RURAL DEL MUNICIPIO DE SANTA ROSA DE OSOS.","APOYO EN LA EJECUCIÓN DE LAS DIFERENTES ACTIVIDADES PROGRAMADAS DESDE LA CASA DE JUVENTUD, EN LA ZONA URBANA Y RURAL DEL MUNICIPIO DE SANTA ROSA DE OSOS.","Presentación de oferta","01/23/2026","01/23/2026",,,,,"01/23/2026","$29.680.000","Contratación directa","Servicios profesionales y apoyo a la gestión","320","día(s)",,,,"Santa Rosa De Osos","Gestión Contractual","0","0","0","0","0","0","0","0","0","Seleccionado","70","No","No Adjudicado","No Definido","No Definido","No Definido",,"$0","No Adjudicado","No Definido","No Definido","V1.93151500","Abierto","Prestación de servicios","No Definido","No definido","https://community.secop.gov.co/Public/Tendering/OpportunityDetail/Index?noticeUID=CO1.NTC.9738786","704.959.766","Presentación de oferta"
"ASAMBLEA DEPARTAMENTAL DE CASANARE1","800228493","Casanare","Yopal","Territorial","Descentralizada","CO1.REQ.4763183","CD-ADC-22","712160035","CO1.BDOS.4658009","ANDRES FELIPE CASTILLO BARON","CONTRATAR LOS SERVICIOS DE APOYO A LA GESTION COMO AUXILIAR DE MANTENIMIENTO DE LA INFRAESTRUCTURA FISICA DE LA ASAMBLEA DEPARTAMENTAL DE CASANARE.","Presentación de oferta","06/28/2023","06/28/2023",,,,,"06/28/2023","$6.000.000","Contratación directa","Servicios profesionales y apoyo a la gestión","4","Mes(es)",,,,"No Aplica","CONTRATACION DIRECTA","0","0","0","0","0","0","0","0","0","Seleccionado","70","No","No Adjudicado","No Definido","No Definido","No Definido",,"$0","No Adjudicado","No Definido","No Definido","V1.80111600","Abierto","Prestación de servicios","No Definido","No definido","https://community.secop.gov.co/Public/Tendering/OpportunityDetail/Index?noticeUID=CO1.NTC.4664340","712.160.035","Presentación de oferta"
"ALCALDIA DE PASTO","891280000","Nariño","Pasto","Territorial","Descentralizada","CO1.REQ.9263598","IP-2025-145","700694094","CO1.BDOS.9098519","MINIMA IMPLEMENTOS DE GIMNASIO","El Contratista se compromete para con el Municipio de Pasto a suministrar máquinas para gimnasio, las cuales serán destinadas al uso de las personas privadas de la libertad recluidas en el Establecimiento Carcelario y Penitenciaría de Media Seguridad con Reclusión de Mujeres de Pasto. SGMBS046","Presentación de oferta","11/13/2025","11/13/2025",,,,,"11/13/2025","$92.400.000","Mínima cuantía","Presupuesto inferior al 10% de la menor cuantía","30","día(s)","11/20/2025","11/20/2025","11/20/2025","Pasto","Departamento Administrativo de Contratación Pública","0","0","15","0","5","0","0","5","0","Seleccionado","70","Si","CO1.AWD.2438731","703211391","Nariño","Pasto","12/02/2025","$82.076.690","ALY NATHALIE GOMEZ FIGUEROA","IMEDSUR SAS","900363690","V1.49201600","Cerrado","Suministros","No Definido","No definido","https://community.secop.gov.co/Public/Tendering/OpportunityDetail/Index?noticeUID=CO1.NTC.9124551","700.694.094","Adjudicado"
"FONDO UNICO DE TECNOLOGÍAS DE LA INFORMACIÓN Y LAS COMUNICACIONES","8001316486","Distrito Capital de Bogotá","Bogotá","Nacional","Centralizada","CO1.REQ.5496747","FTIC-PS-012-2024","700090079","CO1.BDOS.5378814","SEBASTIAN ORLANDO TRIANA DURAN","Prestar servicios profesionales al Ministerio/Fondo Único de TIC en la revisión y verificación de la información técnica en el trámite de la gestión de contratación para desarrollar los objetivos estratégicos y misionales de la entidad, en articulación con el Modelo Integrado de Gestión (MIG).","Presentación de oferta","01/04/2024","01/04/2024",,,,,"01/04/2024","$113.508.000","Contratación directa","Servicios profesionales y apoyo a la gestión","362","día(s)",,,,"Bogotá","UNIDAD DE CONTRATACION FONTIC","0","0","0","0","0","0","0","0","0","Seleccionado","70","No","No Adjudicado","No Definido","No Definido","No Definido",,"$0","No Adjudicado","No Definido","No Definido","V1.80111600","Abierto","Prestación de servicios","No Definido","No definido","https://community.secop.gov.co/Public/Tendering/OpportunityDetail/Index?noticeUID=CO1.NTC.5391230","700.090.079","Presentación de oferta"
"UNIVERSIDAD NACIONAL DE COLOMBIA","899999063","Distrito Capital de Bogotá","No Definido","Nacional","Centralizada","CO1.REQ.9882493","UNAL-BOG-2026-ING-412","700698038","CO1.BDOS.9714721","PRESTAR SERVICIOS PROFESIONALES EN GEOLOGIA PARA APOYAR A LOS COMPONENTES FÍSICO; QUÍMICO Y BIOLÓGICO DEL PROYECTO DE INVESTIGACION  EVALUACIÓN MULTIESCALA DE LA INTERACCIÓN DE LOS PROCESOS FÍSICOS","PRESTAR SERVICIOS PROFESIONALES EN GEOLOGIA PARA APOYAR A LOS COMPONENTES FÍSICO, QUÍMICO Y BIOLÓGICO DEL PROYECTO DE INVESTIGACION EVALUACIÓN MULTIESCALA DE LA INTERACCIÓN DE LOS PROCESOS FÍSICOS,
QUÍMICOS Y BIOLÓGICOS EN LA PROSPECTIVIDAD DE FUENTES NO CONVENCIONALES DE ENERGÍA DEL SUBSUELO- PROYECTO SHATKI.","Presentación de oferta","01/23/2026","01/23/2026",,,,,"01/23/2026","$21.000.000","Contratación régimen especial","Decreto 092 de 2017","211","día(s)",,,,"Bogotá","Bogotá Fac. Ingenieria","0","0","0","0","0","0","0","0","0","Publicado","50","No","No Adjudicado","No Definido","No Definido","No Definido",,"$0","No Adjudicado","No Definido","No Definido","V1.81151700","Abierto","Decreto 092 de 2017","No Definido","No definido","https://community.secop.gov.co/Public/Tendering/OpportunityDetail/Index?noticeUID=CO1.NTC.9730577","700.698.038","Presentación de oferta"
"SECRETARIA DE EDUCACION DE CALI","890399011","Valle del Cauca","Cali","Territorial","Centralizada","CO1.REQ.7188948","4143.010.32.1183-2024","702435959","CO1.BDOS.7054423","Prestación de servicios profesionales","Prestación de servicios profesionales a favor de la Secretaría de Educación del Distrito Especial de Santiago de Cali.","Presentación de oferta","11/19/2024","11/19/2024",,,,,"11/19/2024","$8.876.000","Contratación directa","Servicios profesionales y apoyo a la gestión","2","Mes(es)",,,,"Cali","Secreraría de Educación Cali","0","0","0","0","0","0","0","0","0","Seleccionado","70","No","No Adjudicado","No Definido","No Definido","No Definido",,"$0","No Adjudicado","No Definido","No Definido","V1.80111501","Abierto","Prestación de servicios","No Definido","No definido","https://community.secop.gov.co/Public/Tendering/OpportunityDetail/Index?noticeUID=CO1.NTC.7071485","702.435.959","Presentación de oferta"
"ALCALDIA MUNICIPIO DE RICAURTE","890680059","Cundinamarca","Ricaurte","Territorial","Centralizada","CO1.REQ.3469058","MC 043-2022","703235119","CO1.BDOS.3379112","SUMINISTRO DE BONOS DE PRESTACIÓN DE SERVICIOS PÚBLICO DE TRANSPORTE CON DESTINO A LAS PERSONAS QUE ASISTEN A LOS PROGRAMAS DE FORMACIÓN ARTÍSTICA; CULTURAL; DEPORTIVA Y A LOS DIFERENTES PROGRAMAS SOC","SUMINISTRO DE BONOS DE PRESTACIÓN DE SERVICIOS PÚBLICO DE TRANSPORTE CON DESTINO A LAS PERSONAS QUE ASISTEN A LOS PROGRAMAS DE FORMACIÓN ARTÍSTICA; CULTURAL; DEPORTIVA Y A LOS DIFERENTES PROGRAMAS SOCIALES A REALIZARSE EN EL MUNICIPIO DE RICAURTE; (IDA Y REGRESO) A TRAVÉS DE LA MODALIDAD DE BONOS CON LA FRECUENCIA DEL DESPACHO DE VEHÍCULOS Y RUTAS ASIGNADAS A LA EMPRESA TRANSPORTADORA","Presentación de oferta","10/10/2022","10/10/2022",,,,,"10/10/2022","$27.985.500","Mínima cuantía","Presupuesto inferior al 10% de la menor cuantía","2","Mes(es)","10/13/2022","10/13/2022",,"Ricaurte","SECRETARIA DE CONTRATACIÒN","0","0","2","0","0","0","0","0","0","Cancelado","100","No","No Adjudicado","No Definido","No Definido","No Definido",,"$0","No Adjudicado","No Definido","No Definido","V1.78111803","Cerrado","Suministros","No Definido","No definido","https://community.secop.gov.co/Public/Tendering/OpportunityDetail/Index?noticeUID=CO1.NTC.3383399","703.235.119","Presentación de oferta"
"ALCALDIA MUNICIPIO DE RICAURTE","890680059","Cundinamarca","Ricaurte","Territorial","Centralizada","CO1.REQ.3469058","MC 043-2022","703235119","CO1.BDOS.3379112","SUMINISTRO DE BONOS DE PRESTACIÓN DE SERVICIOS PÚBLICO DE TRANSPORTE CON DESTINO A LAS PERSONAS QUE ASISTEN A LOS PROGRAMAS DE FORMACIÓN ARTÍSTICA; CULTURAL; DEPORTIVA Y A LOS DIFERENTES PROGRAMAS SOC","SUMINISTRO DE BONOS DE PRESTACIÓN DE SERVICIOS PÚBLICO DE TRANSPORTE CON DESTINO A LAS PERSONAS QUE ASISTEN A LOS PROGRAMAS DE FORMACIÓN ARTÍSTICA; CULTURAL; DEPORTIVA Y A LOS DIFERENTES PROGRAMAS SOCIALES A REALIZARSE EN EL MUNICIPIO DE RICAURTE; (IDA Y REGRESO) A TRAVÉS DE LA MODALIDAD DE BONOS CON LA FRECUENCIA DEL DESPACHO DE VEHÍCULOS Y RUTAS ASIGNADAS A LA EMPRESA TRANSPORTADORA","Presentación de oferta","10/10/2022","10/10/2022",,,,,"10/10/2022","$27.985.500","Mínima cuantía","Presupuesto inferior al 10% de la menor cuantía","2","Mes(es)","10/13/2022","10/13/2022",,"Ricaurte","SECRETARIA DE CONTRATACIÒN","0","0","2","0","0","0","0","0","0","Cancelado","100","No","No Adjudicado","No Definido","No Definido","No Definido",,"$0","No Adjudicado","No Definido","No Definido","V1.78111803","Cerrado","Suministros","No Definido","No definido","https://community.secop.gov.co/Public/Tendering/OpportunityDetail/Index?noticeUID=CO1.NTC.3383399","703.235.119","Presentación de oferta"
"ALCALDIA MUNICIPIO DE RICAURTE","890680059","Cundinamarca","Ricaurte","Territorial","Centralizada","CO1.REQ.3469058","MC 043-2022","703235119","CO1.BDOS.3379112","SUMINISTRO DE BONOS DE PRESTACIÓN DE SERVICIOS PÚBLICO DE TRANSPORTE CON DESTINO A LAS PERSONAS QUE ASISTEN A LOS PROGRAMAS DE FORMACIÓN ARTÍSTICA; CULTURAL; DEPORTIVA Y A LOS DIFERENTES PROGRAMAS SOC","SUMINISTRO DE BONOS DE PRESTACIÓN DE SERVICIOS PÚBLICO DE TRANSPORTE CON DESTINO A LAS PERSONAS QUE ASISTEN A LOS PROGRAMAS DE FORMACIÓN ARTÍSTICA; CULTURAL; DEPORTIVA Y A LOS DIFERENTES PROGRAMAS SOCIALES A REALIZARSE EN EL MUNICIPIO DE RICAURTE; (IDA Y REGRESO) A TRAVÉS DE LA MODALIDAD DE BONOS CON LA FRECUENCIA DEL DESPACHO DE VEHÍCULOS Y RUTAS ASIGNADAS A LA EMPRESA TRANSPORTADORA","Presentación de oferta","10/10/2022","10/10/2022",,,,,"10/10/2022","$27.985.500","Mínima cuantía","Presupuesto inferior al 10% de la menor cuantía","2","Mes(es)","10/13/2022","10/13/2022",,"Ricaurte","SECRETARIA DE CONTRATACIÒN","0","0","2","0","0","0","0","0","0","Cancelado","100","No","No Adjudicado","No Definido","No Definido","No Definido",,"$0","No Adjudicado","No Definido","No Definido","V1.78111803","Cerrado","Suministros","No Definido","No definido","https://community.secop.gov.co/Public/Tendering/OpportunityDetail/Index?noticeUID=CO1.NTC.3383399","703.235.119","Presentación de oferta"
"ALCALDIA MUNICIPIO DE RICAURTE","890680059","Cundinamarca","Ricaurte","Territorial","Centralizada","CO1.REQ.3469058","MC 043-2022","703235119","CO1.BDOS.3379112","SUMINISTRO DE BONOS DE PRESTACIÓN DE SERVICIOS PÚBLICO DE TRANSPORTE CON DESTINO A LAS PERSONAS QUE ASISTEN A LOS PROGRAMAS DE FORMACIÓN ARTÍSTICA; CULTURAL; DEPORTIVA Y A LOS DIFERENTES PROGRAMAS SOC","SUMINISTRO DE BONOS DE PRESTACIÓN DE SERVICIOS PÚBLICO DE TRANSPORTE CON DESTINO A LAS PERSONAS QUE ASISTEN A LOS PROGRAMAS DE FORMACIÓN ARTÍSTICA; CULTURAL; DEPORTIVA Y A LOS DIFERENTES PROGRAMAS SOCIALES A REALIZARSE EN EL MUNICIPIO DE RICAURTE; (IDA Y REGRESO) A TRAVÉS DE LA MODALIDAD DE BONOS CON LA FRECUENCIA DEL DESPACHO DE VEHÍCULOS Y RUTAS ASIGNADAS A LA EMPRESA TRANSPORTADORA","Presentación de oferta","10/10/2022","10/10/2022",,,,,"10/10/2022","$27.985.500","Mínima cuantía","Presupuesto inferior al 10% de la menor cuantía","2","Mes(es)","10/13/2022","10/13/2022",,"Ricaurte","SECRETARIA DE CONTRATACIÒN","0","0","2","0","0","0","0","0","0","Cancelado","100","No","No Adjudicado","No Definido","No Definido","No Definido",,"$0","No Adjudicado","No Definido","No Definido","V1.78111803","Cerrado","Suministros","No Definido","No definido","https://community.secop.gov.co/Public/Tendering/OpportunityDetail/Index?noticeUID=CO1.NTC.3383399","703.235.119","Presentación de oferta"
"ALCALDÍA MUNICIPAL DE CANDELARIA VALLE","891380038","Valle del Cauca","Candelaria","Territorial","Centralizada","CO1.REQ.4340766","MDC-SDA-SIP-004-2023","701400236","CO1.BDOS.4241803","SUMINISTRO DE ELEMENTOS E IMPLEMENTOS ASEO Y CAFETERÍA A MONTO AGOTABLE PARA LA ADMINISTRACIÓN MUNICIPAL DE CANDELARIA","SUMINISTRO DE ELEMENTOS E IMPLEMENTOS ASEO Y CAFETERÍA A MONTO AGOTABLE PARA LA ADMINISTRACIÓN MUNICIPAL DE CANDELARIA","Presentación de oferta","04/03/2023","04/03/2023",,,,,"04/03/2023","$0","Solicitud de información a los Proveedores","No","6","día(s)","04/04/2023",,"04/03/2023","Candelaria","SECRETARÍA DE DESARROLLO ADMINISTRATIVO -DADI","1.570","0","14","0","0","0","0","0","0","Evaluación","60","No","No Adjudicado","No Definido","No Definido","No Definido",,"$0","No Adjudicado","No Definido","No Definido","V1.47132100","Abierto","No","No Definido","V147131600, V147131700, V150201700, V180141700","https://community.secop.gov.co/Public/Tendering/OpportunityDetail/Index?noticeUID=CO1.NTC.4255139","701.400.236","Presentación de oferta"
"ESE HOSPITAL EDUARDO SANTOS","891200952","No Definido","No Definido","Territorial","Centralizada","CO1.REQ.7311900","CPSP-2024-1461","704126028","CO1.BDOS.7175576","DIANA MILENA ORDOÑEZ DE LA CRUZ","Prestar los servicios profesionales como médico especialista en Pediatría, en favor del HOSPITAL EDUARDO SANTOS E.S.E.","Presentación de oferta","12/12/2024","12/12/2024",,,,,"12/12/2024","$12.840.000","Contratación régimen especial","Decreto 092 de 2017","1","Mes(es)",,,,"La Unión","GESTION CONTRACTUAL SERVICIOS","0","0","0","0","0","0","0","0","0","Publicado","50","No","No Adjudicado","No Definido","No Definido","No Definido",,"$0","No Adjudicado","No Definido","No Definido","V1.85121613","Abierto","Decreto 092 de 2017","No Definido","No definido","https://community.secop.gov.co/Public/Tendering/OpportunityDetail/Index?noticeUID=CO1.NTC.7196295","704.126.028","Presentación de oferta"
"EMPRESA SOCIAL DEL ESTADO HOSPITAL SAN RAFAEL DE FACATATIVA","899999151","Cundinamarca","Facatativá","Territorial","Centralizada","CO1.REQ.10112049","544-2026","703019919","CO1.BDOS.9944902","JOHN HENRY OROZCO RODRÍGUEZ","PRESTAR LOS SERVICIOS COMO MEDICO GENERAL EN LOS CENTROS Y/O PUESTOS DE SALUD ADSCRITOS A LA E.S.E. HOSPITAL SAN RAFAEL DE FACATATIVA.","Presentación de oferta","02/03/2026","02/03/2026",,,,,"02/03/2026","$12.000.000","Contratación régimen especial","Regla aplicable","0","día(s)",,,,"Facatativá","OFICINA JURÍDICA","0","0","0","0","0","0","0","0","0","Publicado","50","No","No Adjudicado","No Definido","No Definido","No Definido",,"$0","No Adjudicado","No Definido","No Definido","V1.85121600","Abierto","Prestación de servicios","No Definido","No definido","https://community.secop.gov.co/Public/Tendering/OpportunityDetail/Index?noticeUID=CO1.NTC.9967618","703.019.919","Presentación de oferta"
"INSTITUTO NACIONAL DE MEDICINA LEGAL Y CIENCIAS FORENSES","800150861","Distrito Capital de Bogotá","No Definido","Nacional","Centralizada","CO1.REQ.1447306","SASI-0011-SG-2020 (Presentación de oferta)","701870321","CO1.BDOS.1374527","SUMINISTRO DE INSUMOS PARA LOS EQUIPOS DE ALTA TECNOLOGÍA DE LOS LABORATORIOS FORENSES DEL INSTITUTO NACIONAL DE MEDICINA LEGAL Y CIENCIAS FORENSES A NIVEL NACIONAL. (Presentación de oferta)","SUMINISTRO DE INSUMOS PARA LOS EQUIPOS DE ALTA TECNOLOGÍA DE LOS LABORATORIOS FORENSES DEL INSTITUTO NACIONAL DE MEDICINA LEGAL Y CIENCIAS FORENSES A NIVEL NACIONAL.","Presentación de oferta","08/20/2020","08/20/2020",,,,,"08/20/2020","$1.521.331.706","Selección abreviada subasta inversa","Suministro de bienes y servicios de características técnicas uniformes y común utilización","101","día(s)","08/31/2020","08/31/2020","09/15/2020","Bogotá","01 SECRETARIA GENERAL","0","0","31","0","16","0","12","4","13","Seleccionado","70","Si","CO1.AWD.849106","701097065","Distrito Capital de Bogotá","No Definido","09/25/2020","$14.927.913","ALEXANDRA VELASQUEZ CALDERON","PURIFICACION Y ANALISIS DE FLUIDOS S.A.S","860518299","V1.41121800","Cerrado","Suministros","No Definido","V141104000, V141115700, V141116100, V141122000","https://community.secop.gov.co/Public/Tendering/OpportunityDetail/Index?noticeUID=CO1.NTC.1405617","701.870.321","Adjudicado"
"ESE HOSPITAL DEPARTAMENTAL SAN CAYETANO","890801274","Caldas","Marquetalia","Territorial","Centralizada","CO1.REQ.10701124","274-2026","702645888","CO1.BDOS.10518002","PRESTACION DE SERVICIOS COMO AUX DE ENFERMERIA EN EBS","PRESTACION DE SERVICIOS COMO AUXILIAR DE ENFERMERIA EN EL PROCESO DE SALUD PUBLICA DE LA ESE HOSPITAL SAN CAYETANO DE MARQUETALIA CALDAS PARA EJECUTAR ACCIONES EN EL PROGRAMA EQUIPOS BASICOS EN SALUD DE ATENCION PRIMARIA EN SALUD APS EN CONFORMIDAD A LOS LINEAMIENTOS DEL MINISTERIO DE SALUD.","Fase de ofertas","07/22/2026","07/22/2026",,,,,"07/22/2026","$9.450.000","Contratación régimen especial","Regla aplicable","83","día(s)",,,,"Marquetalia","ESE HOSPITAL DEPARTAMENTAL SAN CAYETANO","0","0","0","0","0","0","0","0","0","Publicado","50","No","No Adjudicado","No Definido","No Definido","No Definido",,"$0","No Adjudicado","No Definido","No Definido","V1.85101601","Abierto","Prestación de servicios","No Definido","No definido","https://community.secop.gov.co/Public/Tendering/OpportunityDetail/Index?noticeUID=CO1.NTC.10555341","702.645.888","Fase de ofertas"
"SUBRED INTEGRADA DE SERVICIOS DE SALUD NORTE E.S.E. (OFICIAL)","900971006","Distrito Capital de Bogotá","No Definido","Territorial","Centralizada","CO1.REQ.6025920","CPS-3972-2024","702729500","CO1.BDOS.5908132","PRESTAR SERVICIOS PROFESIONALES Y DE APOYO A LA GESTION","TECNICO ADMINISTRATIVO II","Presentación de oferta","04/01/2024","04/01/2024",,,,,"04/01/2024","$2.632.401","Contratación régimen especial","Regla aplicable","30","día(s)",,,,"Bogotá","DIRECCIÓN DE CONTRATACIÓN - COMPRAS","0","0","0","0","0","0","0","0","0","Seleccionado","70","No","No Adjudicado","No Definido","No Definido","No Definido",,"$0","No Adjudicado","No Definido","No Definido","V1.85101600","Abierto","Prestación de servicios","No Definido","No definido","https://community.secop.gov.co/Public/Tendering/OpportunityDetail/Index?noticeUID=CO1.NTC.5914872","702.729.500","Presentación de oferta"
"EMPRESA DE SERVICIOS PUBLICOS DE AGUSTIN CODAZZI E.S.P","800118095","Cesar","Agustín Codazzi","Territorial","Centralizada","CO1.REQ.6644470","CPSAG-075-2024","718361298","CO1.BDOS.6518483","PRESTACIÓN DE SERVICIOS DE APOYO A LA GESTIÓN COMO AUXILIAR DE RECAUDO EN EL ÁREA DE TESORERÍA DE LA EMPRESA DE SERVICIOS PÚBLICOS DE AGUSTÍN CODAZZI EMCODAZZI E.S.P.","PRESTACIÓN DE SERVICIOS DE APOYO A LA GESTIÓN COMO AUXILIAR DE RECAUDO EN EL ÁREA DE TESORERÍA DE LA EMPRESA DE SERVICIOS PÚBLICOS DE AGUSTÍN CODAZZI
EMCODAZZI E.S.P.","Presentación de oferta","08/09/2024","08/09/2024",,,,,"08/09/2024","$4.938.000","Contratación régimen especial","Regla aplicable","3","Mes(es)",,,,"Agustín Codazzi","LUIS CARLOS QUINTERO MORENO","0","0","0","0","0","0","0","0","0","Publicado","50","No","No Adjudicado","No Definido","No Definido","No Definido",,"$0","No Adjudicado","No Definido","No Definido","V1.80111600","Abierto","Prestación de servicios","No Definido","No definido","https://community.secop.gov.co/Public/Tendering/OpportunityDetail/Index?noticeUID=CO1.NTC.6528899","718.361.298","Presentación de oferta"
"MUNICIPIO DE NEIVA","891180009","Huila","Neiva","Territorial","Centralizada","CO1.REQ.979623","MNSPOMCMCCS-124- 2019","700642036","CO1.BDOS.945305","SUMINISTRO DE LOS SERVICIOS DE RESTAURANTE; HOSPEDAJE Y APOYO LOGISTICOS REQUERIDOS PARA EL FUNCIONAMIENTO Y OPERATIVIDAD DEL CONSEJO MUNICIPAL DE PLANEACIÓN DE NEIVA; FUERA Y DENTRO DE LA CIUDAD","SUMINISTRO DE LOS SERVICIOS DE RESTAURANTE, HOSPEDAJE Y APOYO LOGISTICOS REQUERIDOS PARA EL FUNCIONAMIENTO Y OPERATIVIDAD DEL CONSEJO MUNICIPAL DE PLANEACIÓN DE NEIVA, FUERA Y DENTRO DE LA CIUDAD, PARA LA VIGENCIA FISCAL 2019 A PRECIOS UNITARIOS Y MONTO AGOTABLE.","Presentación de oferta","10/04/2019","10/04/2019",,,,,"10/04/2019","$35.000.000","Mínima cuantía","Presupuesto inferior al 10% de la menor cuantía","3","Mes(es)","10/08/2019","10/08/2019",,"Neiva","UNIDAD ASESORA DE CONTRATACION","0","0","8","0","0","0","0","0","0","Cancelado","100","No","No Adjudicado","No Definido","No Definido","No Definido",,"$0","No Adjudicado","No Definido","No Definido","V1.90111501","Cerrado","Suministros","No Definido","V190101501","https://community.secop.gov.co/Public/Tendering/OpportunityDetail/Index?noticeUID=CO1.NTC.947766","700.642.036","Presentación de oferta"
"HOSPITAL DEPARTAMENTAL SAN ANTONIO DE VILLAMARIA ESE","890801944","Caldas","Villamaría","Territorial","Centralizada","CO1.REQ.4368057","CONTRATO 105 2023","704659556","CO1.BDOS.4269303","PRESTACION DE SERVICIOS PARA EL APOYO A LOS DISTINTOS PROCESOS ADMINISTRATIVOS DEL AREA DE SISTEMAS DE LA EMPRESA SOCIAL DEL ESTADO HOSPITAL SAN ANTONIO DE VILLAMARIA.CALDAS","PRESTACION DE SERVICIOS PARA EL APOYO A LOS DISTINTOS PROCESOS ADMINISTRATIVOS DEL AREA DE SISTEMAS DE LA EMPRESA SOCIAL DEL ESTADO HOSPITAL SAN ANTONIO DE VILLAMARIA.CALDAS","Presentación de oferta","04/08/2023","04/08/2023",,,,,"04/08/2023","$3.600.000","Contratación régimen especial","Decreto 092 de 2017","58","día(s)",,,,"Villamaría","ESE SAN ANTONIO DE VILLAMARIA","0","0","0","0","0","0","0","0","0","Publicado","50","No","No Adjudicado","No Definido","No Definido","No Definido",,"$0","No Adjudicado","No Definido","No Definido","V1.80111609","Abierto","Decreto 092 de 2017","No Definido","No definido","https://community.secop.gov.co/Public/Tendering/OpportunityDetail/Index?noticeUID=CO1.NTC.4272405","704.659.556","Presentación de oferta"
"UNIVERSIDAD NACIONAL DE COLOMBIA","899999063","Distrito Capital de Bogotá","No Definido","Nacional","Centralizada","CO1.REQ.8636478","ODC-37-2069-2025","700698038","CO1.BDOS.8482960","COMPRAR MATERIALES E INSUMOS DE OFICINA PARA EL DESARROLLO DEL TRABAJO DE CAMPO EN EL MARCO DEL DEL PROYECTO  EFECTO DEL PROGRAMA BICIRUN COMO ESTRATEGIA DEL TRANSPORTE ACTIVO Y MODIFICACIÓN DE ESTILO","COMPRAR MATERIALES E INSUMOS DE OFICINA PARA EL DESARROLLO DEL TRABAJO DE CAMPO EN EL MARCO DEL DEL PROYECTO  EFECTO DEL PROGRAMA BICIRUN COMO ESTRATEGIA DEL TRANSPORTE ACTIVO Y MODIFICACIÓN DE ESTILOS DE VIDA","Presentación de oferta","07/26/2025","07/26/2025",,,,,"07/26/2025","$1.492.736","Contratación régimen especial","Decreto 092 de 2017","29","día(s)",,,,"Bogotá","Bogotá Fac. Medicina","0","0","0","0","0","0","0","0","0","Publicado","50","No","No Adjudicado","No Definido","No Definido","No Definido",,"$0","No Adjudicado","No Definido","No Definido","V1.14101500","Abierto","Decreto 092 de 2017","No Definido","No definido","https://community.secop.gov.co/Public/Tendering/OpportunityDetail/Index?noticeUID=CO1.NTC.8505674","700.698.038","Presentación de oferta"
"SENA REGIONAL TOLIMA 1","899999034","Tolima","Ibagué","Nacional","Centralizada","CO1.REQ.7528628","PSP-CCS-9310-141-2025","702561986","CO1.BDOS.7386685","PRESTACION DE SERVICIOS PROFESIONALES Y DE APOYO A LA GESTION","Prestar servicios personales de soporte a la gestión, facilitando la ejecución de actividades
técnicas, así como la implementación y configuración de soluciones tecnológicas destinadas a los
usuarios de la infraestructura tecnológica de la entidad.","Presentación de oferta","01/22/2025","01/22/2025",,,,,"01/22/2025","$162.597.191","Contratación directa","Servicios profesionales y apoyo a la gestión","339","día(s)",,,,"No Aplica","CONTRATACION CENTRO DE COMERCIO Y SERVICIOS","0","0","0","0","0","0","0","0","5","Seleccionado","70","No","No Adjudicado","No Definido","No Definido","No Definido",,"$0","No Adjudicado","No Definido","No Definido","V1.80111600","Abierto","Prestación de servicios","No Definido","No definido","https://community.secop.gov.co/Public/Tendering/OpportunityDetail/Index?noticeUID=CO1.NTC.7415825","702.561.986","Presentación de oferta"
"AGENCIA LOGÍSTICA DE GESTIÓN INMOBILIARIA Y DE SERVICIOS DE CUNDINAMARCA","830021022","Distrito Capital de Bogotá","Bogotá","Nacional","Descentralizada","CO1.REQ.3534392","EIC-CD-299-2022","701552135","CO1.BDOS.3441940","PRESTACION DE SERVICIOS TECNICO DE SISTEMAS","PRESTACIÓN DE SERVICIOS DE UN TÉCNICO EN SISTEMAS, QUE BRINDE APOYO Y SOPORTE A LOS MEDIOS TECNOLÓGICOS Y SISTEMAS DE INFORMACIÓN DE LA EIC","Presentación de oferta","10/26/2022","10/26/2022",,,,,"10/26/2022","$4.260.000","Contratación régimen especial","Regla aplicable","71","día(s)",,,,"Bogotá","EIC - Oficina Asesora Jurídica","0","0","0","0","0","0","0","0","0","Publicado","50","No","No Adjudicado","No Definido","No Definido","No Definido",,"$0","No Adjudicado","No Definido","No Definido","V1.80111600","Abierto","Prestación de servicios","No Definido","No definido","https://community.secop.gov.co/Public/Tendering/OpportunityDetail/Index?noticeUID=CO1.NTC.3449043","701.552.135","Presentación de oferta"
"EMPRESA SOCIAL DEL ESTADO IMSALUD","807004352","Norte de Santander","Cúcuta","Territorial","Centralizada","CO1.REQ.7380446","SA24M-1584 CONTRATO 220M-2024","715750964","CO1.BDOS.7243819","DAVID JOSUE ESTRADA CALVO","COMPRA DE COLCHONETAS PARA LOS DIFERENTES SERVICIOS ASISTENCIALES DE LA RED PRESTADORA DE SERVICIOS DE SALUD ESE IMSALUD","Presentación de oferta","12/31/2024","12/31/2024",,,,,"12/31/2024","$25.688.000","Contratación régimen especial","Regla aplicable","1","día(s)",,,,"Cúcuta","GESCON","0","0","0","0","0","0","0","0","0","Publicado","50","No","No Adjudicado","No Definido","No Definido","No Definido",,"$0","No Adjudicado","No Definido","No Definido","V1.42191810","Abierto","Compraventa","No Definido","No definido","https://community.secop.gov.co/Public/Tendering/OpportunityDetail/Index?noticeUID=CO1.NTC.7262869","715.750.964","Presentación de oferta"
"UNIDAD DE SALUD DE IBAGUE U.S.I. - E.S.E.","809003590","Tolima","No Definido","Territorial","Centralizada","CO1.REQ.4619408","CTO-240-2023","700949019","CO1.BDOS.4515800","CONTRATAR LA PRESTACION DEL SERVICIO DE UN AUXILIAR DE ENFERMERIA VACUNADOR COMO APOYO A LA EJECUCION DE LAS RUTAS DE ATENCION EN SALUD EN LA UNIDAD DE SALUD DE IBAGUE USI E.S.E","CONTRATAR LA PRESTACION DEL SERVICIO DE UN AUXILIAR DE ENFERMERIA VACUNADOR COMO APOYO A LA EJECUCION DE LAS RUTAS DE ATENCION EN SALUD EN LA UNIDAD DE SALUD DE IBAGUE USI E.S.E","Presentación de oferta","06/05/2023","06/05/2023",,,,,"06/05/2023","$12.906.667","Contratación régimen especial","Regla aplicable","169","día(s)",,,,"Ibagué","GESTION CONTRACTUAL","0","0","0","0","0","0","0","0","0","Seleccionado","70","No","No Adjudicado","No Definido","No Definido","No Definido",,"$0","No Adjudicado","No Definido","No Definido","V1.80111600","Abierto","Prestación de servicios","No Definido","No definido","https://community.secop.gov.co/Public/Tendering/OpportunityDetail/Index?noticeUID=CO1.NTC.4521489","700.949.019","Presentación de oferta"
"ALCALDIA DISTRITO DE RIOHACHA","892115007","La Guajira","Riohacha","Territorial","Centralizada","CO1.REQ.2304382","CPS-346-2021","702424037","CO1.BDOS.2243183","PRESTACIÓN DE SERVICIOS COMO TÉCNICO DE CAMPO EN EL MARCO DEL PROYECTO FORTALECIMIENTO A LOS PROCESOS DE LICENCIAMIENTO URBANÍSTICO EN EL DISTRITO DE RIOHACHA","PRESTACIÓN DE SERVICIOS COMO TÉCNICO DE CAMPO
EN EL MARCO DEL PROYECTO FORTALECIMIENTO A LOS
PROCESOS DE LICENCIAMIENTO URBANÍSTICO EN EL
DISTRITO DE RIOHACHA","Fase de ofertas","09/13/2021","09/13/2021",,,,,"09/13/2021","$7.000.000","Contratación directa","Servicios profesionales y apoyo a la gestión","0","día(s)",,,,"Riohacha","Direccion de Contratacion DISTRITO DE RIOHACHA","0","0","0","0","0","0","0","0","0","Seleccionado","70","No","No Adjudicado","No Definido","No Definido","No Definido",,"$0","No Adjudicado","No Definido","No Definido","V1.80111600","Abierto","Prestación de servicios","No Definido","No definido","https://community.secop.gov.co/Public/Tendering/OpportunityDetail/Index?noticeUID=CO1.NTC.2245424","702.424.037","Fase de ofertas"
"BANCO DE LA REPUBLICA","860005216","Distrito Capital de Bogotá","Bogotá","Nacional","Descentralizada","CO1.REQ.3390349","45014038","706099488","CO1.BDOS.3302654","Conferencia Virtual El cuento atómico y las formas de lo breve","Conferencia Virtual El cuento atómico y las formas de lo breve","Presentación de oferta","09/21/2022","09/21/2022",,,,,"09/21/2022","$448.700","Contratación régimen especial","Regla aplicable","1","día(s)",,,,"Bogotá","AGENCIA CULTURAL IPIALES","0","0","0","0","0","0","0","0","0","Evaluación","60","No","No Adjudicado","No Definido","No Definido","No Definido",,"$0","No Adjudicado","No Definido","No Definido","V1.93141702","Abierto","Prestación de servicios","No Definido","No definido","https://community.secop.gov.co/Public/Tendering/OpportunityDetail/Index?noticeUID=CO1.NTC.3305730","706.099.488","Presentación de oferta"
"INSTITUTO MUNICIPAL PARA LA RECREACION Y EL DEPORTE DE SOACHA","832000906","Cundinamarca","Soacha","Territorial","Centralizada","CO1.REQ.2761807","IMRDS-CD-228-2022","713824894","CO1.BDOS.2686512","PRESTACIÓN DE SERVICIOS PARA EL APOYO COMO BRIGADISTA Y PRIMER RESPONDIENTE EN LOS ESCENARIOS ADMINISTRADOS POR EL IMRDS","PRESTACIÓN DE SERVICIOS PARA EL APOYO COMO BRIGADISTA Y PRIMER RESPONDIENTE EN LOS ESCENARIOS ADMINISTRADOS POR EL IMRDS","Presentación de oferta","01/25/2022","01/25/2022",,,,,"01/25/2022","$10.560.000","Contratación directa","Servicios profesionales y apoyo a la gestión","6","Mes(es)",,,,"Soacha","CONTRATACIÓN IMRDS","0","0","0","0","0","0","0","0","0","Seleccionado","70","No","No Adjudicado","No Definido","No Definido","No Definido",,"$0","No Adjudicado","No Definido","No Definido","V1.80111600","Abierto","Prestación de servicios","No Definido","No definido","https://community.secop.gov.co/Public/Tendering/OpportunityDetail/Index?noticeUID=CO1.NTC.2706454","713.824.894","Presentación de oferta"
"INSTITUTO CARO Y CUERVO","899999096","Distrito Capital de Bogotá","Bogotá","Nacional","Descentralizada","CO1.REQ.855134","SMC-ICC-105-2019","700931090","CO1.BDOS.829401","ADQUISICIÓN DE ELEMENTOS DE PRODUCCIÓN AUDIOVISUAL","Adquisición de elementos de producción audiovisual para el desarrollo de los proyectos de investigación Documentación Lingüística de Cabiyarí y Arte verbal Cabiyarí: historias de vida, narrativas y consejos.","Presentación de oferta","05/08/2019","05/08/2019",,,,,"05/08/2019","$14.885.941","Mínima cuantía","Presupuesto inferior al 10% de la menor cuantía","30","día(s)","05/10/2019","05/10/2019","05/10/2019","Bogotá","GESTIÓN CONTRACTUAL","0","0","14","0","8","0","0","8","0","Seleccionado","70","Si","CO1.AWD.509135","703787812","Distrito Capital de Bogotá","Bogotá","05/22/2019","$9.419.000","Jhenyfer Orjuela Pava","DIGITAL CENTER VENTAS E IMPORTACIONES JE SAS","No Definido","V1.52161520","Cerrado","Compraventa","No Definido","V126111701, V126111704, V145121516","https://community.secop.gov.co/Public/Tendering/OpportunityDetail/Index?noticeUID=CO1.NTC.822409","700.931.090","Adjudicado"
"SENA REGIONAL BOLIVAR Grupo Administrativo CINFP","899999034","Distrito Capital de Bogotá","Bogotá","Nacional","Centralizada","CO1.REQ.1774142","CD BLV CINAFLUP 0009 2021","704163526","CO1.BDOS.1723685","Prestar los servicios para apoyar el área de Coordinación Misional en la supervisión de contratos de instructores de formación titulada; y apoyar la planeación; ejecución; orientación; de actividades","Prestar los servicios de un Profesional en Economía, Administración de Empresas, contaduría pública, ingeniero industrial  y áreas afines con especialización en Gerencia de Proyectos o Administración Educativa para apoyar el área de Coordinación Misional en la supervisión de contratos de instructores de formación titulada, y apoyar la planeación, ejecución, orientación, de actividades de formación en la  jornada diurna y cursos complementarios. Así mismo, para participar activamente en los equip","Presentación de oferta","02/01/2021","02/01/2021",,,,,"02/01/2021","$38.767.141","Contratación directa","Servicios profesionales y apoyo a la gestión","315","día(s)",,,,"Cartagena","CONTRATOS CINAFLUP REGIONAL BOLIVAR","0","0","0","0","0","0","0","0","0","Seleccionado","70","No","No Adjudicado","No Definido","No Definido","No Definido",,"$0","No Adjudicado","No Definido","No Definido","V1.80111600","Abierto","Prestación de servicios","No Definido","No definido","https://community.secop.gov.co/Public/Tendering/OpportunityDetail/Index?noticeUID=CO1.NTC.1720628","704.163.526","Presentación de oferta"
"BANCO DE LA REPUBLICA","860005216","Distrito Capital de Bogotá","Bogotá","Nacional","Descentralizada","CO1.REQ.6990457","53015273","706099488","CO1.BDOS.6860741","EDWARD FERNANDO BEDOYA GALVIS","Realizar talleres especializados para público infantil.","Presentación de oferta","10/10/2024","10/10/2024",,,,,"10/10/2024","$1.922.000","Contratación régimen especial","Regla aplicable","74","día(s)",,,,"Bogotá","SUCURSAL ARMENIA","0","0","0","0","0","0","0","0","0","Evaluación","60","No","No Adjudicado","No Definido","No Definido","No Definido",,"$0","No Adjudicado","No Definido","No Definido","V1.82151500","Abierto","Prestación de servicios","No Definido","No definido","https://community.secop.gov.co/Public/Tendering/OpportunityDetail/Index?noticeUID=CO1.NTC.6870429","706.099.488","Presentación de oferta"
"EMPRESA DE PARQUES Y EVENTOS DE ANTIOQUIA - ACTIVA","901437957","Antioquia","Medellín","Territorial","Descentralizada","CO1.REQ.9034396","OC041-2025","712373323","CO1.BDOS.8873778","PRODUCCIÓN; DISEÑO Y SUMINISTRO DE MATERIAL POP; PARA EL ENCUENTRO INTERNACIONAL DE PEDAGOGÍA; INVESTIGACIÓN Y EXPERIENCIAS ALTERNATIVAS; CON EL FIN DE APOYAR SU CORRECTA REALIZACIÓN; GENERAR VISIBILI","PRODUCCIÓN, DISEÑO Y SUMINISTRO DE MATERIAL POP, PARA EL ENCUENTRO INTERNACIONAL DE PEDAGOGÍA, INVESTIGACIÓN Y EXPERIENCIAS ALTERNATIVAS, CON EL FIN DE APOYAR SU CORRECTA REALIZACIÓN, GENERAR VISIBILIDAD Y RECORDACIÓN DE MARCA DE LA CORPORACIÓN GILBERTO ECHEVERRI MEJÍA.","Presentación de oferta","10/06/2025","10/06/2025",,,,,"10/06/2025","$35.253.750","Contratación régimen especial","Regla aplicable","90","día(s)",,,,"Medellín","ACTIVA Area contractual","0","0","0","0","0","0","0","0","0","Publicado","50","No","No Adjudicado","No Definido","No Definido","No Definido",,"$0","No Adjudicado","No Definido","No Definido","V1.82121500","Abierto","Otro","No Definido","No definido","https://community.secop.gov.co/Public/Tendering/OpportunityDetail/Index?noticeUID=CO1.NTC.8899644","712.373.323","Presentación de oferta"
"ALCALDIA MUNICIPAL CONTRATACION SANTANDER","890206058","Santander","Contratación","Territorial","Centralizada","CO1.REQ.8509570","MC-022-2025","704329150","CO1.BDOS.8358969","SUMINISTRO DE ALIMENTACIÓN Y HOSPEDAJE AL PERSONAL DE APOYO; COMISIÓN Y SERVICIOS EXTRAORDINARIOS EN EL MUNICIPIO DE CONTRATACIÓN SANTANDER; CON EL FIN DE FORTALECER LA SEGURIDAD Y LA CONVIVENCIA","SUMINISTRO DE ALIMENTACIÓN Y HOSPEDAJE AL PERSONAL DE APOYO, COMISIÓN Y SERVICIOS EXTRAORDINARIOS EN EL MUNICIPIO DE CONTRATACIÓN SANTANDER, CON EL FIN DE FORTALECER LA SEGURIDAD Y LA CONVIVENCIA CIUDADANA EN EL MUNICIPIO","Fase de ofertas","07/03/2025","07/03/2025",,,,,"07/03/2025","$9.960.000","Mínima cuantía","Presupuesto inferior al 10% de la menor cuantía","0","día(s)","07/08/2025","07/09/2025","07/09/2025","Contratación","SECRETARIA GENERAL Y DE GOBIERNO","0","0","5","0","3","0","0","3","0","Seleccionado","70","Si","CO1.AWD.2303264","728228719","Bolívar","Simití","07/15/2025","$9.080.000","YUDY ANDREA RODRÍGUEZ GARCÍA","JAIRO ROLON GELVEZ","No Definido","V1.90111501","Cerrado","Suministros","No Definido","No definido","https://community.secop.gov.co/Public/Tendering/OpportunityDetail/Index?noticeUID=CO1.NTC.8381141","704.329.150","Adjudicado"
"INSTITUCION EDUCATIVA TECNICA AGROPECUARIA LA BUENA ESPERANZA","8060133614","Bolívar","Turbaco","Territorial","Centralizada","CO1.REQ.6215771","202405110003","718990880","CO1.BDOS.6095007","MANTENIMIENTO DE INFRAESTRUCTURA","CONTRATAR LA REPARACION Y CONSTRUCCION DE LA POSA SEPTICA DE LA SECCIONAL SAN FRANCISCO, POR EL ESTADO DE ESTA","Presentación de oferta","05/09/2024","05/09/2024",,,,,"05/09/2024","$14.747.670","Contratación directa","Contratos de bienes y servicios sujetos a reserva","6","día(s)",,,,"Turbaco","Compras de Bienes","0","0","0","0","0","0","0","0","0","Publicado","50","No","No Adjudicado","No Definido","No Definido","No Definido",,"$0","No Adjudicado","No Definido","No Definido","V1.72101501","Abierto","Prestación de servicios","No Definido","No definido","https://community.secop.gov.co/Public/Tendering/OpportunityDetail/Index?noticeUID=CO1.NTC.6103207","718.990.880","Presentación de oferta"
"MUNICIPIO DE BELEN DE LOS ANDAQUIES","800095734","Caquetá","Belén De Los Andaquies","Territorial","Centralizada","CO1.REQ.7235254","013-CNVS-2024 .","705282432","CO1.BDOS.7099559","MEJORAMIENTO DE LA SEDE EDUCATIVA DE LA VEREDA LA QUISAYA DEL MUNICIPIO DE BELÉN DE LOS ANDAQUÍES","AUNAR ESFUERZOS INSTITUCIONALES, COMUNITARIOS, ECONÓMICOS Y SOCIALES CON LA JUNTA DE ACCIÓN COMUNAL DE LA VEREDA LA QUISAYA, PARA EL MEJORAMIENTO DE LA SEDE EDUCATIVA DE LA VEREDA LA QUISAYA DEL MUNICIPIO DE BELÉN DE LOS ANDAQUÍES, DEPARTAMENTO DEL CAQUETÁ.","Presentación de oferta","11/27/2024","11/27/2024",,,,,"11/27/2024","$10.643.959","Contratación directa","Convenios Solidarios Regimen articulo 92 Ley 2166 de 2021","30","día(s)",,,,"No Aplica","BELEN DE LOS ANDAQUIES","0","0","0","0","0","0","0","0","0","Seleccionado","70","No","No Adjudicado","No Definido","No Definido","No Definido",,"$0","No Adjudicado","No Definido","No Definido","V1.30151514","Abierto","Obra","No Definido","No definido","https://community.secop.gov.co/Public/Tendering/OpportunityDetail/Index?noticeUID=CO1.NTC.7119814","705.282.432","Presentación de oferta"
"MUNICIPIO DE PUERTO GAITAN","800079035","Meta","Puerto Gaitán","Territorial","Centralizada","CO1.REQ.7553350","CD-159-2025","706294725","CO1.BDOS.7418042","PRESTACIÒN DE SERVICIOS PROFESIONALES","PRESTACIÓN DE SERVICIOS DE APOYO A LA GESTIÓN COMO CONDUCTOR PARA LOS DESPLAZAMIENTOS EN DESARROLLO DE DIFERENTES ACTIVIDADES DE LA ALCALDÍA DEL MUNICIPIO DE PUERTO GAITÁN - META","Presentación de oferta","01/23/2025","01/23/2025",,,,,"01/23/2025","$17.124.000","Contratación directa","Servicios profesionales y apoyo a la gestión","4","Mes(es)",,,,"Puerto Gaitán","SECRETARÍA DE CONTRATACIÓN","0","0","0","0","0","0","0","0","0","Seleccionado","70","No","No Adjudicado","No Definido","No Definido","No Definido",,"$0","No Adjudicado","No Definido","No Definido","V1.80111612","Abierto","Prestación de servicios","No Definido","No definido","https://community.secop.gov.co/Public/Tendering/OpportunityDetail/Index?noticeUID=CO1.NTC.7432357","706.294.725","Presentación de oferta"
"E.S.E HOSPITAL SAN RAFAEL DE ITAGUI","890980066","Antioquia","No Definido","Territorial","Centralizada","CO1.REQ.3313977","22-103019-009","706731635","CO1.BDOS.3227602","MARCELA HERNANDEZ OSORIO","Prestación de servicios profesionales de Enfermera para Geohelmintiasis del Proyecto PAI, para el desarrollo de las actividades derivadas en el marco del plan decenal de salud pública, en el Departamento de Antioquia, según la necesidad de La E.S.E Hospital San Rafael del municipio de Itagüí.","Presentación de oferta","09/02/2022","09/02/2022",,,,,"09/02/2022","$33.337.780","Contratación régimen especial","Decreto 092 de 2017","106","día(s)",,,,"Itagui","CONTRATOS Y COMPRAS","0","0","0","0","0","0","0","0","0","Publicado","50","No","No Adjudicado","No Definido","No Definido","No Definido",,"$0","No Adjudicado","No Definido","No Definido","V1.80101602","Abierto","Decreto 092 de 2017","No Definido","No definido","https://community.secop.gov.co/Public/Tendering/OpportunityDetail/Index?noticeUID=CO1.NTC.3229997","706.731.635","Presentación de oferta"
"ESCUELA DE FORMACION INPEC","832001871","Cundinamarca","No Definido","Nacional","Descentralizada","CO1.REQ.684229","CD-258 DE 2018","701152050","CO1.BDOS.663329","CARLOS ALBERTO FLOREZ CASTAÑO","PRESTAR SERVICIOS PERSONALES PROFESIONALES COMO INSTRUCTOR DE AULA EN EL (LA) CENTRO DE INSTRUCCIÓN MANIZALES DEL INPEC PARA DICTAR LA(S) ASIGNATURA(S) DE PREPARACION FISICA Y DEFENSA PERSONAL, EN LA INSTRUCCIÓN BASICA DE LOS AUXILIARES DEL CUERPO DE CUSTODIA DEL INPEC DEL TERCER CONTINGENTE DEL 2018, CON OPORTUNIDAD EFICIENCIA Y EFICACIA SEGÚN RELACION DE INTENSIDAD HORARIA.","Presentación de oferta","01/11/2019","01/11/2019",,,,,"01/11/2019","$2.987.670","Contratación directa","Servicios profesionales y apoyo a la gestión","70","Hora(s)",,,,"Funza","CONTRATACIÓN","0","0","0","0","0","0","0","0","0","Seleccionado","70","No","No Adjudicado","No Definido","No Definido","No Definido",,"$0","No Adjudicado","No Definido","No Definido","V1.80111504","Abierto","Prestación de servicios","No Definido","No definido","https://community.secop.gov.co/Public/Tendering/OpportunityDetail/Index?noticeUID=CO1.NTC.654568","701.152.050","Presentación de oferta"
"ALCALDÍA MUNICIPAL DE SASAIMA","800094752","Cundinamarca","Sasaima","Territorial","Centralizada","CO1.REQ.7904252","CD-PSAG-66 DE 2025","700551039","CO1.BDOS.7761720","JENNIFFER ALEXANDRA FORERO LANCHERO","PRESTACIÓN DE SERVICIOS DE APOYO A LA GESTIÓN COMO TÉCNICO EN LA 
SECRETARÍA DE DESARROLLO SOCIAL, REALIZANDO LAS ACTIVIDADES PROPIAS PARA EL 
SEGUIMIENTO AL PROGRAMA TRANSFERENCIAS MONETARIAS, COLOMBIA MAYOR Y OTROS 
PROGRAMAS SOCIALES QUE SE EJECUTAN EN EL MUNICIPIO.","Presentación de oferta","03/06/2025","03/06/2025",,,,,"03/06/2025","$24.000.000","Contratación directa","Servicios profesionales y apoyo a la gestión","294","día(s)",,,,"Sasaima","SECRETARIA GENERAL Y DE GOBIERNO","0","0","0","0","0","0","0","0","0","Seleccionado","70","No","No Adjudicado","No Definido","No Definido","No Definido",,"$0","No Adjudicado","No Definido","No Definido","V1.80111600","Abierto","Prestación de servicios","No Definido","No definido","https://community.secop.gov.co/Public/Tendering/OpportunityDetail/Index?noticeUID=CO1.NTC.7788484","700.551.039","Presentación de oferta"
"INSTITUTO DE FINANCIAMIENTO, PROMOCION Y DESARROLLO DE CALDAS","8908060063","Caldas","Manizales","Territorial","Descentralizada","CO1.REQ.7520250","251031","701231045","CO1.BDOS.7384045","251031","PRESTAR EL SERVICIO ESPECIALIZADO DE REVISORÍA FISCAL DURANTE EL MES DE ENERO Y FEBRERO ASEGURANDO EL CUMPLIMIENTO DE LAS NORMATIVAS APLICABLES","Presentación de oferta","01/20/2025","01/20/2025",,,,,"01/20/2025","$18.505.512","Contratación directa","Servicios profesionales y apoyo a la gestión","50","día(s)",,,,"Manizales","OFICINA ASESORA JURÍDICA","0","0","0","0","0","0","0","0","0","Seleccionado","70","No","No Adjudicado","No Definido","No Definido","No Definido",,"$0","No Adjudicado","No Definido","No Definido","V1.80111600","Abierto","Prestación de servicios","No Definido","No definido","https://community.secop.gov.co/Public/Tendering/OpportunityDetail/Index?noticeUID=CO1.NTC.7399802","701.231.045","Presentación de oferta"
"ALCALDÍA MUNICIPIO DE PALMIRA","891380007","Valle del Cauca","Palmira","Territorial","Centralizada","CO1.REQ.2669173","MP-0520-2022","700088016","CO1.BDOS.2596212","PRESTAR LOS SERVICIOS DE APOYO A LA FORMACIÓN ARTÍSTICA Y PROMOCIÓN CULTURAL EN EL ÁREA VIOLÍN; EN LA ESCUELA MUNICIPAL DE ARTE RICARDO NIETO; EN EL MARCO DE LAS FUNCIONES DE LA SECRETARÍA DE CULTURA","PRESTAR LOS
SERVICIOS DE APOYO A LA FORMACIÓN ARTÍSTICA Y PROMOCIÓN CULTURAL EN EL ÁREA
VIOLÍN, EN LA ESCUELA MUNICIPAL DE ARTE RICARDO NIETO, EN EL MARCO DE LAS
FUNCIONES DE LA SECRETARÍA DE CULTURA DE PALMIRA","Presentación de oferta","01/18/2022","01/18/2022",,,,,"01/18/2022","$10.000.000","Contratación directa","Servicios profesionales y apoyo a la gestión","5","Mes(es)",,,,"Palmira","SECRETARIA DE CULTURA","0","0","0","0","0","0","0","0","0","Seleccionado","70","No","No Adjudicado","No Definido","No Definido","No Definido",,"$0","No Adjudicado","No Definido","No Definido","V1.80111600","Abierto","Prestación de servicios","No Definido","No definido","https://community.secop.gov.co/Public/Tendering/OpportunityDetail/Index?noticeUID=CO1.NTC.2597357","700.088.016","Presentación de oferta"
"ESE HOSPITAL SALAZAR DE VILLETA","860015929","Cundinamarca","No Definido","Territorial","Centralizada","CO1.REQ.6217766","377-2024","702234691","CO1.BDOS.6096962","APOYO PROFESIONAL A LA GESTIÓN ADMINISTRATIVA PARA LAS ÁREAS DE MANTENIMIENTO DE INFRAESTRUCTURA Y SEGUIMIENTO A LAS OBRAS PUBLICAS QUE ADELANTA LA ESE HOSPITAL SALAZAR DE VILLETA Y SU ÁREA DE INFLUEN","APOYO PROFESIONAL A LA GESTIÓN ADMINISTRATIVA PARA LAS ÁREAS DE MANTENIMIENTO DE INFRAESTRUCTURA Y SEGUIMIENTO A LAS OBRAS PUBLICAS QUE ADELANTA LA ESE HOSPITAL SALAZAR DE VILLETA Y SU ÁREA DE INFLUENCIA","Presentación de oferta","05/09/2024","05/09/2024",,,,,"05/09/2024","$28.000.000","Contratación régimen especial","Regla aplicable","8","Mes(es)",,,,"Villeta","UNIDAD DE CONTRATACIÓN HSV","0","0","0","0","0","0","0","0","0","Seleccionado","70","No","No Adjudicado","No Definido","No Definido","No Definido",,"$0","No Adjudicado","No Definido","No Definido","V1.72101507","Abierto","Prestación de servicios","No Definido","No definido","https://community.secop.gov.co/Public/Tendering/OpportunityDetail/Index?noticeUID=CO1.NTC.6104719","702.234.691","Presentación de oferta"
"CENTRAL ADMINISTRATIVA Y CONTABLE TELEMATICA","900332546","Cundinamarca","Facatativá","Nacional","Centralizada","CO1.REQ.974713","SC-114-DIADQ-CADCO-CENACTELEMATICA 2019","702917022","CO1.BDOS.941012","SOLICITUD COTIZACION ADQUISICION DE BATERIAS DE LIBRE MANTENIMIENTO PARA PUESTOS DE RELEVO Y UPS DEL EJERCITO","SOLICITUD DE COTIZACIÓN ADQUISICIÓN DE BATERIAS DE LIBRE MANTENIMIENTO PARA PUESTOS DE RELEVO Y UPS DEL EJERCITO","Presentación de oferta","09/27/2019","09/27/2019",,,,,"09/27/2019","$0","Solicitud de información a los Proveedores","No","3","Mes(es)","10/04/2019",,"09/27/2019","Facatativá","CENACTELEMATICA","265","0","9","0","5","0","0","5","0","Evaluación","60","No","No Adjudicado","No Definido","No Definido","No Definido",,"$0","No Adjudicado","No Definido","No Definido","V1.26111701","Abierto","No","No Definido","V126111600, V126111707","https://community.secop.gov.co/Public/Tendering/OpportunityDetail/Index?noticeUID=CO1.NTC.942115","702.917.022","Presentación de oferta"
"IGAC Sede Central *","899999004","Distrito Capital de Bogotá","No Definido","Nacional","Centralizada","CO1.REQ.8324155","CD-4106-2025-COR-","700663107","CO1.BDOS.8177765","PRESTACION DE SERVICIOS PERSONALES","4.2609.1.7.3.10-Prestación de servicios personales para realizar el control de calidad de la información del reconocimiento de campo en el marco de la actualización y/o formación catastral con enfoque multipropósito en el municipio asignado para la Dirección Territorial Córdoba","Presentación de oferta","05/26/2025","05/26/2025",,,,,"05/26/2025","$26.080.000","Contratación directa","Servicios profesionales y apoyo a la gestión","6","Mes(es)",,,,"Montería","CORDOBA","0","0","0","0","0","0","0","0","0","Seleccionado","60","No","No Adjudicado","No Definido","No Definido","No Definido",,"$0","No Adjudicado","No Definido","No Definido","V1.80161501","Abierto","Prestación de servicios","No Definido","No definido","https://community.secop.gov.co/Public/Tendering/OpportunityDetail/Index?noticeUID=CO1.NTC.8198220","700.663.107","Presentación de oferta"
"SUBRED INTEGRADA DE SERVICIOS DE SALUD NORTE E.S.E. (OFICIAL)","900971006","Distrito Capital de Bogotá","No Definido","Territorial","Centralizada","CO1.REQ.3845439","CPS-1361-2023","702729500","CO1.BDOS.3750345","PRESTAR SERVICIOS PROFESIONALES Y APOYO A LA GESTION","PROFESIONAL MEDICO - HOSPITALIZACION Y/O URGENCIAS","Presentación de oferta","01/13/2023","01/13/2023",,,,,"01/13/2023","$26.005.776","Contratación régimen especial","Regla aplicable","120","día(s)",,,,"Bogotá","DIRECCIÓN DE CONTRATACIÓN - COMPRAS","0","0","0","0","0","0","0","0","0","Seleccionado","70","No","No Adjudicado","No Definido","No Definido","No Definido",,"$0","No Adjudicado","No Definido","No Definido","V1.85101600","Abierto","Prestación de servicios","No Definido","No definido","https://community.secop.gov.co/Public/Tendering/OpportunityDetail/Index?noticeUID=CO1.NTC.3753483","702.729.500","Presentación de oferta"
"EMPRESA COLOMBIANA DE PETROLEOS","899999068","Distrito Capital de Bogotá","Bogotá","Nacional","Descentralizada","CO1.REQ.1359176","2552824.","709072474","CO1.BDOS.1317971","SUMINISTRO DE LUBRICANTES A NIVEL NACIONAL PARA ECOPETROL S.A. Y SU GRUPO EMPRESARIAL.","SUMINISTRO DE LUBRICANTES A NIVEL NACIONAL PARA ECOPETROL S.A. Y SU GRUPO EMPRESARIAL.","Presentación de oferta","07/01/2020","07/01/2020",,,,,"07/01/2020","$191.448.166","Contratación régimen especial","Regla aplicable","30","día(s)",,,,"Bogotá","Departamento de Compras","0","0","0","0","0","0","0","0","0","Publicado","50","No","No Adjudicado","No Definido","No Definido","No Definido",,"$0","No Adjudicado","No Definido","No Definido","V1.15101505","Abierto","Otro","No Definido","No definido","https://community.secop.gov.co/Public/Tendering/OpportunityDetail/Index?noticeUID=CO1.NTC.1314975","709.072.474","Presentación de oferta"
"INSTITUTO DE CULTURA, RECREACION Y DEPORTE DE PITALITO","900809150","Huila","Pitalito","Territorial","Centralizada","CO1.REQ.3766554","ICRD-CONV-011-2022","703821967","CO1.BDOS.3670626","AUNAR ESFUERZOS TÉCNICOS; ADMINISTRATIVOS; HUMANOS Y FINANCIEROS; CON EL CLUB DEPORTIVO DE PORRISMO FENIX ALL STARS; PARA APOYAR LA REALIZACIÓN DE UN EVENTO DEPORTIVO Y RECREATIVO PARA COMUNIDAD LABOY","AUNAR ESFUERZOS TÉCNICOS, ADMINISTRATIVOS, HUMANOS Y FINANCIEROS, CON EL CLUB DEPORTIVO DE PORRISMO FENIX ALL STARS, PARA APOYAR LA REALIZACIÓN DE UN EVENTO DEPORTIVO Y RECREATIVO PARA COMUNIDAD LABOYANA EN EL MES DE DICIEMBRE  DE 2022","Presentación de oferta","12/27/2022","12/27/2022",,,,,"12/27/2022","$20.000.000","Contratación régimen especial","Decreto 092 de 2017","5","día(s)",,,,"Pitalito","CONTRATACION ICRD","0","0","0","0","0","0","0","0","0","Seleccionado","70","No","No Adjudicado","No Definido","No Definido","No Definido",,"$0","No Adjudicado","No Definido","No Definido","V1.90141600","Abierto","Decreto 092 de 2017","No Definido","V194121500","https://community.secop.gov.co/Public/Tendering/OpportunityDetail/Index?noticeUID=CO1.NTC.3680519","703.821.967","Presentación de oferta"
"MUNICIPIO DE APIA","891480022","Risaralda","Apía","Territorial","Centralizada","CO1.REQ.7764122","CI-01-2025","705539518","CO1.BDOS.7628571","CONTRATO INTERADMINISTRATIVO PARA EL OTORGAMIENTO DE SUBSIDIOS DE LOS SERVICIOS DE ACUEDUCTOS; ALCANTARILLADO Y ASEO A LOS USUARIOS DE LOS ESTRATOS 1; 2 Y 3 DEL MUNICIPIO DE APIA RISARALDA; DURANTE LA","CONTRATO INTERADMINISTRATIVO PARA EL OTORGAMIENTO DE SUBSIDIOS DE LOS SERVICIOS DE ACUEDUCTOS, ALCANTARILLADO Y ASEO A LOS USUARIOS DE LOS ESTRATOS 1, 2 Y 3 DEL MUNICIPIO DE APIA RISARALDA, DURANTE LA VIGENCIA 2025","Presentación de oferta","02/18/2025","02/18/2025",,,,,"02/18/2025","$336.237.400","Contratación directa","Contratos o convenios Interadministrativos (valor cero)","310","día(s)",,,,"Apía","MUNICIPIO DE APIA","0","0","0","0","0","0","0","0","0","Seleccionado","70","No","No Adjudicado","No Definido","No Definido","No Definido",,"$0","No Adjudicado","No Definido","No Definido","V1.93151611","Abierto","Otro","No Definido","No definido","https://community.secop.gov.co/Public/Tendering/OpportunityDetail/Index?noticeUID=CO1.NTC.7660902","705.539.518","Presentación de oferta"
"SECRETARIA DE EDUCACION DEL DISTRITO","8999990619","Distrito Capital de Bogotá","No Definido","Territorial","Centralizada","CO1.REQ.1440311","SED-SCP-DIIP-PSP-186-2020","701321135","CO1.BDOS.1397294","CATHERINE ALEXANDRA RODRIGUEZ URBINA","Prestar servicios profesionales especializados  en la Dirección de Inclusión e Integración de Poblaciones, en el desarrollo de acciones técnicas orientadas al fortalecimiento de los procesos contra la explotación sexual comercial de niños, niñas y adolescentes- ESCNNA y la trata de personas, en articulación con la categoría de  Prevención y Protección con Enfoque de Género","Presentación de oferta","08/17/2020","08/17/2020",,,,,"08/17/2020","$31.250.000","Contratación directa","Servicios profesionales y apoyo a la gestión","5","Mes(es)",,,,"Bogotá","DIRECCION DE CONTRATACION","0","0","0","0","0","0","0","0","0","Seleccionado","70","No","No Adjudicado","No Definido","No Definido","No Definido",,"$0","No Adjudicado","No Definido","No Definido","V1.80101505","Abierto","Prestación de servicios","No Definido","No definido","https://community.secop.gov.co/Public/Tendering/OpportunityDetail/Index?noticeUID=CO1.NTC.1395550","701.321.135","Presentación de oferta"
