proceso_de_compra,nit_entidad,documento_proveedor,proveedor_adjudicado,valor_del_contrato,codigo_de_categoria_principal,fecha_de_firma
PROC-2026-001,NIT-1001,PROV-9001,Constructora Andina SAS,120000000,UNSPSC-7210,2026-01-15
PROC-2026-002,NIT-1001,PROV-9001,Constructora Andina SAS,450000000,UNSPSC-7210,2026-02-10
PROC-2026-003,NIT-1001,PROV-9002,Soluciones Tech SAS,85000000,UNSPSC-4321,2026-02-20
PROC-2026-004,NIT-1002,PROV-9003,Suministros Globales Ltda,25000000,UNSPSC-4321,2026-03-01
PROC-2026-005,NIT-1002,PROV-9001,Constructora Andina SAS,200000000,UNSPSC-7210,2026-03-15
PROC-2026-006,NIT-1003,PROV-9003,Suministros Globales Ltda,30000000,UNSPSC-4321,2026-04-05
PROC-2026-007,NIT-1003,PROV-9004,Consultores Asociados SAS,15000000,UNSPSC-8010,2026-04-12
PROC-2026-008,NIT-1001,PROV-9001,Constructora Andina SAS,180000000,UNSPSC-7210,2026-05-02
PROC-2026-011,NIT-1004,PROV-9005,Logistica y Servicios SAS,50000000,UNSPSC-7810,2026-05-10
PROC-2026-012,NIT-1004,PROV-9003,Suministros Globales Ltda,28000000,UNSPSC-4321,2026-05-20
PROC-2026-013,NIT-1005,PROV-9003,Suministros Globales Ltda,32000000,UNSPSC-4321,2026-06-01
PROC-2026-014,NIT-1005,PROV-9006,Infraestructura Vial SAS,300000000,UNSPSC-7210,2026-06-15
